index,android.permission.ACCESS_FINE_LOCATION,android.permission.ACCESS_NETWORK_STATE,android.permission.ACCESS_WIFI_STATE,android.permission.AUTHENTICATE_ACCOUNTS,android.permission.BATTERY_STATS,android.permission.BIND_DEVICE_ADMIN,android.permission.BLUETOOTH,android.permission.BROADCAST_PACKAGE_ADDED,android.permission.BROADCAST_PACKAGE_INSTALL,android.permission.BROADCAST_PACKAGE_REMOVED,android.permission.BROADCAST_PACKAGE_REPLACED,android.permission.BROADCAST_STICKY,android.permission.CALL_PHONE,android.permission.CALL_PRIVILEGED,android.permission.CAMERA,android.permission.CHANGE_CONFIGURATION,android.permission.CHANGE_NETWORK_STATE,android.permission.CHANGE_WIFI_MULTICAST_STATE,android.permission.CHANGE_WIFI_STATE,android.permission.DELETE_CACHE_FILES,android.permission.DELETE_PACKAGES,android.permission.DISABLE_KEYGUARD,android.permission.ENABLE_KEYGUARD,android.permission.EXPAND_STATUS_BAR,android.permission.GET_ACCOUNTS,android.permission.GET_TASKS,android.permission.INSTALL_PACKAGES,android.permission.INTERNET,android.permission.KILL_BACKGROUND_PROCESSES,android.permission.MANAGE_ACCOUNTS,android.permission.MEDIA_CONTENT_CONTROL,android.permission.MODIFY_AUDIO_SETTINGS,android.permission.MOUNT_FORMAT_FILESYSTEMS,android.permission.MOUNT_UNMOUNT_FILESYSTEMS,android.permission.PACKAGE_USAGE_STATS,android.permission.PROCESS_INCOMING_CALLS,android.permission.PROCESS_OUTGOING_CALLS,android.permission.QUICKBOOT_POWERON,android.permission.READ_CALENDAR,android.permission.READ_CALL_LOG,android.permission.READ_CONTACTS,android.permission.READ_EXTERNAL_STORAGE,android.permission.READ_INTERNAL_STORAGE,android.permission.READ_LOGS,android.permission.READ_PHONE_STATE,android.permission.READ_PROFILE,android.permission.READ_SMS,android.permission.READ_SYNC_SETTINGS,android.permission.READ_SYNC_STATS,android.permission.READ_USER_DICTIONARY,android.permission.RECEIVE_BOOT_COMPLETED,android.permission.RECEIVE_MMS,android.permission.RECEIVE_SMS,android.permission.RECORD_AUDIO,android.permission.REORDER_TASKS,android.permission.RESTART_PACKAGES,android.permission.SEND_SMS,android.permission.SET_ANIMATION_SCALE,android.permission.SET_WALLPAPER,android.permission.STATUS_BAR,android.permission.SYSTEM_ALERT_WINDOW,android.permission.USES_POLICY_FORCE_LOCK,android.permission.USE_CREDENTIALS,android.permission.VIBRATE,android.permission.WAKE_LOCK,android.permission.WRITE_CALENDAR,android.permission.WRITE_CONTACTS,android.permission.WRITE_EXTERNAL_STORAGE,android.permission.WRITE_INTERNAL_STORAGE,android.permission.WRITE_SETTINGS,android.permission.WRITE_SMS,android.permission.WRITE_SYNC_SETTINGS,com.android.alarm.permission.SET_ALARM,com.android.browser.permission.READ_HISTORY_BOOKMARKS,com.android.launcher.permission.READ_SETTINGS,com.android.system.permission.C2D_MESSAGE,com.google.android.c2dm.permission.RECEIVE,com.google.android.providers.gsf.permission.READ_GSERVICES,com.sec.android.app.sbrowser.operatorbookmarks.permission.READ_HISTORY_BOOKMARKS,move-object,invoke-direct,return-void,sget-object,if-eqz,invoke-virtual,move-result-object,sput-object,const/4,iget,and-int/lit8,if-eq,move,if-nez,goto,const/16,invoke-static,new-instance,const-string,move-exception,new-array,aput-object,move-object/from16,check-cast,return-object,iput-object,iget-object,array-length,mul-int/lit8,if-lt,aget-byte,if-ge,add-int/lit8,add-int/lit16,aput-byte,div-int/lit8,move-result,int-to-byte,throw,invoke-virtual/range,invoke-static/range,invoke-direct/range,invoke-super,fill-array-data,ushr-int/lit8,aget-char,aput-char,nop,fill-array-data-payload,const,const/high16,invoke-interface,iput,return,move-result-wide,int-to-double,add-double/2addr,double-to-long,int-to-long,mul-long/2addr,iput-wide,iget-wide,add-long/2addr,move-wide,aput-wide,cmp-long,goto/16,sget,if-gt,const-class,const-wide/16,or-int/lit8,iput-boolean,iget-boolean,if-le,sput-boolean,if-lez,aget-object,mul-int/lit16,add-int/2addr,if-ne,packed-switch,packed-switch-payload,const-wide/32,shl-int,xor-int/lit8,and-int/2addr,sparse-switch,sparse-switch-payload,neg-float,int-to-float,mul-float/2addr,instance-of,aput,aget,sget-boolean,if-ltz,or-int/2addr,shr-int/lit8,shl-int/lit8,and-int/lit16,move/from16,invoke-interface/range,monitor-enter,monitor-exit,if-gtz,sput,return-wide,div-float,div-float/2addr,sub-float/2addr,div-int/2addr,iput-char,iget-char,sub-int/2addr,add-int,aget-wide,if-gez,div-int,xor-int/2addr,sub-long,rem-long,long-to-int,div-long,long-to-double,double-to-int,mul-int/2addr,sub-int,div-int/lit16,move-wide/from16,neg-long,int-to-char,mul-float,add-float/2addr,add-float,float-to-int,cmpl-float,cmpg-float,sub-float,neg-int,float-to-double,const-wide,mul-double/2addr,double-to-float,invoke-super/range,or-int,const-wide/high16,long-to-float,and-int,mul-int,shl-int/2addr,rsub-int,or-int/lit16,sub-long/2addr,add-long,aput-boolean,aget-boolean,rem-int/lit8,rsub-int/lit8,shl-long/2addr,or-long/2addr,div-long/2addr,sput-wide,sget-wide,or-long,sub-double/2addr,rem-float/2addr,div-double/2addr,cmpg-double,and-long/2addr,float-to-long,rem-int/2addr,mul-double,add-double,xor-int,neg-double,div-double,sub-double,cmpl-double,rem-int,and-long,ushr-long/2addr,xor-long/2addr,shr-int,rem-long/2addr,iput-byte,iget-byte,iget-short,iput-short,int-to-short,ushr-int,mul-long,ushr-long,shl-long,ushr-int/2addr,aget-short,shr-int/2addr,aput-short,rem-int/lit16,filled-new-array,shr-long,shr-long/2addr,sget-char,sput-char,xor-int/lit16,rem-float,sput-byte,sget-byte,goto/32,xor-long
12fb8804389e7496ff5a56e2134ccf5e.apk,0,1,0,0,0,0,0,0,0,0,0,0,0,0,0,0,0,0,0,0,0,0,0,0,0,0,0,1,0,0,0,0,0,1,0,0,0,0,0,0,0,0,0,0,0,0,0,0,0,0,1,0,0,0,0,0,1,0,0,0,1,0,0,1,0,0,0,1,0,0,0,0,0,0,0,0,0,0,0,596,61,46,14,7,133,151,4,47,1,3,1,44,3,23,28,32,40,75,15,6,1,68,15,17,21,48,5,2,5,3,2,6,1,2,2,13,1,3,13,3,6,7,1,1,2,2,1,1,8,4,15,8,1,4,1,1,1,9,1,1,2,1,4,4,1,1,0,0,0,0,0,0,0,0,0,0,0,0,0,0,0,0,0,0,0,0,0,0,0,0,0,0,0,0,0,0,0,0,0,0,0,0,0,0,0,0,0,0,0,0,0,0,0,0,0,0,0,0,0,0,0,0,0,0,0,0,0,0,0,0,0,0,0,0,0,0,0,0,0,0,0,0,0,0,0,0,0,0,0,0,0,0,0,0,0,0,0,0,0,0,0,0,0,0,0,0,0,0,0,0,0,0,0,0,0,0,0,0,0,0,0,0,0,0,0,0,0,0,0,0,0,0,0,0,0,0,0,0,0,0,0,0,0,0,0,0,0,0,0
064490ecaa3cf7790fdf49c0016f7bfb.apk,0,1,0,0,0,0,0,0,0,0,0,0,0,0,0,0,0,0,0,0,0,0,0,0,0,0,0,1,0,0,0,0,0,1,0,0,0,0,0,0,0,0,0,0,0,0,0,0,0,0,1,0,0,0,0,0,1,0,0,0,1,0,0,1,0,0,0,1,0,0,0,0,0,0,0,0,0,0,0,596,61,46,14,7,133,151,4,47,1,3,1,44,3,23,28,32,40,75,15,6,1,68,15,17,21,48,5,2,5,3,2,6,1,2,2,13,1,3,13,3,6,7,1,1,2,2,1,1,8,4,15,8,1,4,1,1,1,9,1,1,2,1,4,4,1,1,0,0,0,0,0,0,0,0,0,0,0,0,0,0,0,0,0,0,0,0,0,0,0,0,0,0,0,0,0,0,0,0,0,0,0,0,0,0,0,0,0,0,0,0,0,0,0,0,0,0,0,0,0,0,0,0,0,0,0,0,0,0,0,0,0,0,0,0,0,0,0,0,0,0,0,0,0,0,0,0,0,0,0,0,0,0,0,0,0,0,0,0,0,0,0,0,0,0,0,0,0,0,0,0,0,0,0,0,0,0,0,0,0,0,0,0,0,0,0,0,0,0,0,0,0,0,0,0,0,0,0,0,0,0,0,0,0,0,0,0,0,0,0
9bd28bf73cde6af073ded5169de17f09.apk,0,1,1,1,1,0,0,1,1,0,1,0,1,0,0,0,1,0,1,0,0,1,0,0,1,1,0,1,1,1,0,0,0,0,0,1,1,0,0,0,1,0,0,0,1,0,1,0,0,1,1,0,1,0,0,1,1,0,0,0,1,0,1,0,1,0,0,1,0,1,1,0,0,1,0,0,0,0,1,51,222,90,10,83,497,449,1,244,9,1,1,45,32,63,25,202,161,394,88,53,86,0,47,40,71,187,9,0,10,1,2,8,0,1,0,108,0,13,6,0,6,12,0,0,0,0,1,0,24,18,83,4,9,5,0,0,0,3,0,0,0,3,0,0,0,72,7,4,17,11,2,15,8,8,1,4,12,2,1,2,1,1,1,0,0,0,0,0,0,0,0,0,0,0,0,0,0,0,0,0,0,0,0,0,0,0,0,0,0,0,0,0,0,0,0,0,0,0,0,0,0,0,0,0,0,0,0,0,0,0,0,0,0,0,0,0,0,0,0,0,0,0,0,0,0,0,0,0,0,0,0,0,0,0,0,0,0,0,0,0,0,0,0,0,0,0,0,0,0,0,0,0,0,0,0,0,0,0,0,0,0,0,0,0,0,0,0,0,0,0,0,0,0,0,0,0,0,0,0,0,0,0,0,0,0,0,0,0,0
078f2f3bc9629b930cec5c7cd21a2e53.apk,0,1,1,0,0,0,0,0,0,0,0,0,0,0,1,0,1,0,1,0,0,0,0,0,0,1,0,1,0,0,0,0,0,0,0,1,1,0,0,0,1,0,0,1,1,0,0,0,0,0,1,0,0,0,0,0,0,0,0,0,1,0,0,1,1,0,0,1,0,1,0,0,0,0,0,0,0,0,0,153,1896,1913,449,1372,5645,3013,178,2171,1058,40,126,320,627,1299,473,1356,1068,1452,138,128,109,1137,607,810,785,3456,81,14,137,1,227,426,1,1,19,2230,0,211,339,78,56,142,8,5,1,9,42,8,75,189,603,468,882,40,0,0,0,9,0,18,25,4,6,4,19,139,93,23,33,47,13,397,439,64,5,115,76,2,37,215,46,46,1,5,15,33,21,21,8,182,74,49,50,55,76,87,21,6,39,16,790,20,35,81,39,11,12,41,14,16,1,11,19,42,110,4,40,2,3,7,1,2,1,1,1,3,127,1,6,1,3,37,51,26,113,76,20,46,14,4,2,2,4,4,15,1,4,8,8,2,1,1,1,3,0,0,0,0,0,0,0,0,0,0,0,0,0,0,0,0,0,0,0,0,0,0,0,0,0,0,0,0,0,0,0,0,0,0,0,0,0,0,0,0,0,0,0,0,0,0,0,0,0,0,0,0,0,0,0
0a5d73b773d6360b5660a368cd39c6ce.apk,0,1,0,0,0,0,0,0,0,0,0,0,0,0,0,0,0,0,0,0,0,0,0,0,0,0,0,1,0,0,0,0,0,1,0,0,0,0,0,0,0,0,0,0,0,0,0,0,0,0,1,0,0,0,0,0,0,0,0,0,1,0,0,1,0,0,0,1,0,0,0,0,0,0,0,0,0,0,0,587,2943,1137,482,1792,6263,4082,123,2246,792,72,319,963,990,2009,696,1075,1953,2151,1025,265,176,119,530,901,1110,2926,373,29,302,114,117,789,6,57,23,1831,51,981,27,11,41,129,27,13,67,13,26,27,31,14,497,495,386,69,3,0,1,40,1,55,52,17,29,1,31,257,12,19,84,43,12,254,290,64,50,113,310,0,89,397,14,14,3,0,4,5,15,15,0,0,0,195,23,20,105,41,23,19,31,60,78,5,328,672,46,11,17,0,0,0,0,15,24,43,21,7,56,1,0,4,0,9,1,0,2,2,23,1,4,1,35,0,0,0,0,0,0,0,7,0,1,3,0,0,2,2,0,0,0,0,0,0,17,0,5,10,7,1,0,0,0,0,0,0,0,0,0,0,0,0,0,0,0,0,0,0,0,0,0,0,0,0,0,0,0,0,0,0,0,0,0,0,0,0,0,0,0,0,0,0,0,0,0,0,0,0,0,0,0
3fbad2e5b4721effbeb4ceb6c3690f5d.apk,0,0,0,0,0,0,0,0,0,0,0,0,0,0,0,0,0,0,0,0,0,0,0,0,0,0,0,1,0,0,0,0,0,0,0,0,0,0,0,0,0,0,0,0,0,0,0,0,0,0,1,0,0,0,0,0,0,0,0,0,1,0,0,0,0,0,0,0,0,0,0,0,0,0,0,0,0,0,0,439,49,30,4,6,99,99,2,43,4,1,1,68,1,23,21,25,29,32,11,5,1,1,12,20,25,50,10,3,10,4,5,8,3,4,4,7,2,3,0,0,0,3,0,0,0,0,0,0,4,2,3,8,1,1,1,0,0,0,0,0,0,0,0,0,0,1,1,0,1,0,0,0,0,0,2,0,2,0,0,0,0,0,0,0,0,0,0,0,0,0,0,0,0,0,1,0,0,0,0,0,0,0,1,2,0,0,0,0,0,0,0,0,0,0,0,0,0,0,0,0,0,0,0,0,1,0,0,0,0,0,2,0,0,0,0,0,0,0,0,0,0,1,0,0,0,0,0,0,0,0,0,0,0,0,0,0,0,0,0,0,0,0,0,0,0,0,0,0,0,0,0,0,0,0,0,0,0,0,0,0,0,0,0,0,0,0,0,0,0,0,0,0,0,0,0,0,0,0,0,0,0,0,0,0,0,0,0,0,0
2a8d8e633510dbe3c419b593ddf2be6d.apk,0,1,0,0,0,0,0,0,0,0,0,0,0,0,1,0,0,0,0,0,0,0,0,0,1,1,0,1,0,0,0,0,0,0,0,0,0,0,0,0,1,1,0,0,1,1,0,0,0,0,1,0,0,0,0,0,0,0,0,0,1,0,0,1,1,0,0,1,0,1,0,0,0,1,0,0,0,0,0,36,242,177,21,36,858,551,2,138,9,0,10,21,47,47,59,79,162,414,38,21,11,0,157,12,87,113,1,0,2,0,4,6,0,0,0,146,0,1,5,0,3,9,0,0,0,0,0,0,118,2,80,13,16,5,0,0,0,3,0,0,0,3,0,0,0,22,0,2,19,1,2,5,1,7,0,8,1,0,0,12,0,0,3,0,0,0,0,0,0,0,0,0,0,2,0,0,0,0,0,0,0,0,0,0,0,0,0,0,0,0,0,0,0,0,0,0,0,0,0,0,0,0,0,0,0,0,0,0,0,0,0,0,0,0,0,0,0,0,0,0,0,0,0,0,0,0,0,0,0,0,0,0,0,0,0,0,0,0,1,1,0,0,0,0,0,0,0,0,0,0,0,0,0,0,0,0,0,0,0,0,0,0,0,0,0,0,0,0,0,0,0,0,0,0,0,0,0,0,0,0,0,0,0,0,0,0,0,0,0
10672a166c8301cc9e0ddebf3ed91fbe.apk,0,1,0,0,0,0,0,0,0,0,0,0,1,1,0,0,0,0,0,0,1,0,0,0,0,1,1,1,0,0,0,0,0,0,0,0,0,0,0,0,1,0,0,0,1,0,1,0,0,0,1,0,1,0,0,0,1,0,0,0,1,0,0,0,0,0,0,1,0,0,0,0,0,0,0,0,0,0,0,152,839,656,223,974,3558,1699,134,1123,702,21,82,684,385,847,171,805,539,748,61,119,49,182,295,276,389,1850,33,8,63,2,191,329,0,2,10,1336,2,94,73,8,23,82,60,3,1,0,43,60,23,99,240,255,313,26,0,0,0,4,0,15,18,4,0,0,2,117,43,13,21,14,8,229,278,36,5,81,38,4,68,162,22,22,0,3,7,27,12,12,2,132,51,22,32,46,63,65,23,6,33,9,48,2,10,24,22,5,7,11,22,21,0,0,0,47,20,0,21,0,3,0,0,0,0,0,0,2,67,0,0,0,0,8,56,5,77,51,13,24,10,4,2,2,4,1,1,0,0,3,2,2,0,0,0,0,0,0,0,0,0,0,2,2,1,0,0,0,0,0,0,0,0,0,0,0,0,0,0,0,0,0,0,0,0,0,0,0,0,0,0,0,0,0,0,0,0,0,0,0,0,0,0,0,0,0,0,0,0,0,0
139e12d02ddc75fdc8a4c90cc063f2f9.apk,0,1,0,0,0,0,0,0,0,0,0,0,0,0,1,0,0,0,0,0,0,0,0,0,1,1,0,1,0,0,0,0,0,0,0,0,0,0,0,0,1,1,0,0,1,1,0,0,0,0,1,0,0,0,0,0,0,0,0,0,1,0,0,1,1,0,0,1,0,1,0,0,0,1,0,0,0,0,0,34,379,192,45,42,1198,946,2,396,25,0,10,20,50,95,59,164,289,661,117,130,131,0,157,16,99,152,1,0,2,0,4,6,0,0,0,136,0,1,6,0,1,9,0,0,0,0,0,0,119,2,61,16,16,4,0,0,0,3,0,0,0,3,2,0,0,53,0,2,44,5,2,5,1,7,0,5,1,0,0,12,0,0,3,0,0,0,0,0,0,0,0,6,0,1,0,0,0,0,0,0,0,0,0,0,0,0,0,0,0,0,0,0,0,0,0,0,0,0,0,0,0,0,0,0,0,0,0,0,0,0,0,0,0,0,0,0,0,0,0,0,0,0,0,1,0,0,0,0,0,0,0,0,0,0,0,0,0,0,1,0,0,0,0,1,0,0,0,0,0,0,0,0,0,0,0,0,0,0,0,0,0,0,0,0,0,0,0,0,0,0,0,0,0,0,0,0,0,0,0,0,0,0,0,0,0,0,0,0,0
592ef26fa2ffc5495fa0f5c812bdfeee.apk,0,1,1,0,0,0,0,0,0,0,0,0,0,0,0,1,0,0,0,0,0,0,0,0,0,1,0,1,0,0,0,1,0,1,0,0,0,0,0,0,0,1,0,1,1,0,0,0,0,0,0,0,0,0,0,0,0,0,1,0,0,0,0,0,1,0,0,1,0,0,0,0,0,0,1,0,0,0,0,92920,6250,7262,1286,5834,18823,10498,643,11785,4393,234,621,26283,2440,5510,2673,5261,3042,2714,500,600,341,9609,2093,2919,3034,14561,207,32,474,3,772,1260,1,1,111,10443,1,649,1872,628,454,576,169,8,9,13,100,169,354,842,2316,2149,3160,257,8,12,0,71,0,98,137,7,548,4,86,787,1084,89,108,200,40,1092,1283,196,44,432,194,2,529,995,131,131,5,8,26,98,71,71,39,545,254,289,383,242,141,286,97,26,56,51,7784,119,103,235,76,24,82,55,101,136,6,21,29,610,399,4,176,7,9,9,3,4,2,1,15,41,301,2,318,1,6,71,155,63,261,237,71,52,107,54,49,14,24,20,14,25,17,19,23,14,5,8,19,15,1,1,3,2,8,3,4,1,2,4,5,4,14,8,31,2,6,18,11,3,1,3,3,1,2,4,1,5,1,3,0,0,0,0,0,0,0,0,0,0,0,0,0,0,0,0,0,0,0,0,0,0,0,0,0
02548535ff1cc285fddf699f2d77bcba.apk,0,1,1,0,0,0,0,0,0,0,0,0,1,0,0,0,1,0,1,0,0,0,0,0,0,1,0,1,0,0,0,0,0,0,0,0,0,0,0,0,1,0,0,0,1,0,1,0,0,0,1,0,1,0,0,0,1,0,0,0,1,0,0,0,1,0,0,0,0,1,1,0,1,0,0,0,0,0,0,291,2261,1127,1043,1034,3772,3478,318,1852,583,78,148,451,632,1187,1113,1781,1682,2451,359,347,796,78,281,715,902,2876,153,27,88,60,208,457,7,47,7,1259,34,629,26,32,156,25,8,14,49,9,12,8,112,27,1015,264,261,213,0,0,1,161,2,107,200,53,60,2,255,96,33,38,72,265,7,163,272,63,17,101,139,0,75,226,9,9,26,6,2,44,11,11,0,0,0,66,16,18,19,30,35,27,34,78,35,5,104,228,16,14,59,0,0,0,0,0,0,44,8,3,63,0,1,11,3,55,4,1,1,0,23,0,0,1,3,0,0,0,0,0,0,0,0,0,20,1,0,0,4,8,0,7,0,3,7,27,59,4,4,6,5,2,9,9,1,2,3,2,0,0,0,0,21,0,0,0,0,0,0,0,0,2,0,1,1,0,1,0,2,2,1,2,8,2,1,7,0,0,0,0,0,0,0,0,0,0,0,0,0,0,0,0,0
0d9f9a88a564bfcfa2e54b504d6562f9.apk,1,1,1,0,1,0,1,0,0,0,0,1,1,0,1,0,1,0,1,0,0,0,0,0,1,1,0,1,0,0,0,0,1,1,0,0,0,1,0,0,1,1,0,0,1,1,1,0,0,0,1,0,1,0,0,0,0,0,0,0,1,0,0,1,1,0,0,1,0,1,0,0,0,1,0,0,0,0,0,17,386,230,49,52,1172,1039,2,384,31,0,12,6,52,111,200,146,319,718,135,137,135,774,164,22,112,178,1,0,5,0,4,7,0,0,0,153,0,1,165,48,42,16,0,0,0,0,0,0,128,4,61,25,20,8,0,0,0,3,0,0,0,1,0,0,0,53,0,4,51,7,2,5,2,7,0,5,1,0,2,12,0,0,4,0,0,0,0,0,0,4,0,6,0,5,0,0,0,0,0,0,220,10,0,0,0,0,0,1,2,0,0,0,0,0,0,0,0,0,0,0,0,0,0,0,0,0,0,0,6,0,0,0,0,0,2,0,0,0,0,0,0,0,0,2,0,0,0,0,0,0,0,0,0,3,0,0,0,0,0,0,0,0,0,1,0,0,0,0,0,0,0,0,0,0,0,0,0,0,0,0,0,0,0,0,0,0,0,0,0,0,0,0,1,0,0,0,0,0,0,0,0,0,0,0,0,0,0,0,0
04f62de93dae091e1c94832234263db9.apk,0,0,0,0,0,0,0,0,0,0,0,0,0,0,0,0,0,0,0,0,0,0,0,0,0,0,0,0,0,0,0,0,0,0,0,0,0,0,0,0,0,0,0,0,1,0,0,0,0,0,1,0,0,0,0,0,0,0,0,0,1,0,0,0,0,0,0,0,0,0,0,0,0,0,0,0,0,0,0,27,29,26,7,6,46,30,2,18,1,1,2,2,1,5,8,9,14,16,6,1,1,1,7,3,4,5,0,0,1,0,0,0,0,0,0,3,0,4,0,0,1,4,0,0,0,0,0,0,0,6,2,5,1,0,0,0,0,0,0,0,0,0,0,0,0,0,1,0,1,0,0,0,0,0,4,0,0,0,0,1,0,0,0,0,0,0,0,0,0,0,0,0,0,0,2,0,0,0,0,0,0,0,1,2,0,0,0,0,0,0,0,0,0,0,0,0,0,0,0,0,0,0,0,0,0,0,0,0,0,0,0,0,0,0,0,0,0,0,0,0,0,0,0,0,0,0,0,0,0,0,0,0,0,0,0,0,0,0,0,0,0,0,0,0,0,0,0,0,0,0,0,0,0,0,0,0,0,0,0,0,0,0,0,0,0,0,0,0,0,0,0,0,0,0,0,0,0,0,0,0,0,0,0,0,0,0,0,0,0
159378f47540a8dbdc99d0e4625e6e97.apk,0,1,0,0,0,0,0,0,0,0,0,0,1,1,0,0,0,0,0,0,1,0,0,0,0,1,1,1,0,0,0,0,0,0,0,0,0,0,0,0,1,0,0,0,1,0,1,0,0,0,1,0,1,0,0,0,1,0,0,0,1,0,0,0,0,0,0,1,0,0,0,0,0,0,0,0,0,0,0,152,902,696,224,1031,3814,1927,146,1186,798,40,82,693,394,886,180,831,583,770,64,119,51,339,307,321,407,2039,38,8,71,2,195,333,0,2,10,1352,2,95,78,12,27,82,56,3,1,0,41,56,23,99,260,266,315,26,0,0,0,4,0,17,24,4,0,0,2,128,52,13,24,13,9,232,303,38,7,83,41,4,68,162,22,22,0,3,8,28,12,12,2,132,51,25,32,46,64,65,24,6,33,15,97,2,11,29,22,5,6,11,22,21,0,0,0,47,20,0,21,0,3,0,0,0,0,0,0,2,67,0,0,0,0,8,56,5,77,51,13,24,10,4,2,2,4,1,1,0,0,3,2,2,0,2,0,0,0,0,0,0,0,0,1,2,1,0,0,0,0,0,0,0,0,0,0,0,0,0,0,0,0,0,0,0,0,0,0,0,0,0,0,0,0,0,0,0,0,0,0,0,0,0,0,0,0,0,0,0,0,0,0
2c7b372254730bfa366e4759db34812c.apk,0,1,1,0,0,0,0,0,0,0,0,0,0,0,1,0,0,0,1,0,0,0,0,0,1,1,0,1,0,0,0,0,0,0,0,0,0,0,0,0,1,1,0,0,1,0,0,0,0,0,1,0,0,0,0,0,0,0,0,0,1,0,0,1,1,0,0,1,0,1,0,0,0,0,0,0,0,0,0,1,214,95,78,28,518,685,0,481,16,0,2,3,16,1632,49,33,136,359,9,366,355,160,159,54,17,75,3,2,7,3,4,13,0,1,1,70,1,4,68,185,22,10,0,0,1,1,3446,0,0,5,47,14,22,3,0,0,0,0,0,0,0,0,0,0,0,84,0,1,304,0,2,6,2,2,0,1,5,0,1,8,1,1,1,0,0,0,0,0,0,0,0,0,0,2,0,0,0,0,0,3,21,5,0,0,0,0,0,0,0,0,0,0,0,0,0,0,1,0,0,0,0,0,0,0,0,0,1,0,0,0,1,0,0,0,0,0,0,0,0,0,0,0,0,1,0,0,0,0,0,0,0,0,0,0,0,0,1,0,0,0,0,0,0,0,0,0,0,0,0,0,0,0,0,0,0,0,0,0,1,0,0,0,0,0,0,0,0,0,0,0,0,0,0,0,0,0,0,0,0,0,0,0,0,0,0,0,0,0,0
047f5f8602dbe34cb94bfc6d508e49fb.apk,0,1,0,0,0,0,0,0,0,0,0,0,1,1,0,0,0,0,0,0,1,0,0,0,0,1,1,1,0,0,0,0,0,0,0,0,0,0,0,0,1,0,0,0,1,0,1,0,0,0,1,0,1,0,0,0,1,0,0,0,1,0,0,0,0,0,0,1,0,0,0,0,0,0,0,0,0,0,0,244,1609,833,566,1020,3846,3215,208,1298,423,12,90,275,523,954,481,1391,1157,1729,238,203,152,134,374,786,682,1659,183,17,23,41,131,245,0,31,2,1505,35,348,37,3,17,81,74,13,9,5,31,74,22,34,1449,174,310,54,0,0,0,25,4,41,62,21,10,0,37,65,2,13,50,57,1,95,112,50,0,63,59,4,182,141,11,11,3,1,3,10,1,1,0,0,0,82,18,57,0,45,26,9,17,36,11,5,46,97,11,0,20,0,0,0,0,0,0,26,25,0,41,0,9,0,0,12,0,0,0,1,8,0,1,0,3,0,0,0,0,0,0,0,0,0,4,0,0,0,0,0,0,4,0,0,0,0,5,1,0,0,0,3,0,0,1,2,1,0,0,0,0,0,2,0,0,0,0,1,0,0,0,0,0,0,2,0,0,0,0,0,0,0,0,1,0,0,0,0,0,0,0,0,0,0,0,0,0,0,0,0,0,0,0
1251255ee2432e5606f2061f98334eb1.apk,0,1,1,0,0,0,0,0,0,0,0,0,0,0,0,0,1,0,1,0,0,0,0,0,0,1,0,1,0,0,0,0,0,0,0,0,0,0,0,0,1,0,0,0,1,0,1,0,0,0,1,0,1,0,0,0,1,0,0,0,1,0,0,0,1,0,1,0,0,0,1,0,1,0,0,0,0,0,0,12,72,81,329,76,1012,1895,22,2013,20,0,5,35,31,95,74,1379,19,34,106,917,941,71,72,31,62,175,12,0,12,13,18,20,0,7,0,75,2,9,0,13,3,12,1,0,0,0,2,1,950,6,33,11,9,7,0,0,0,1,0,5,10,0,5,0,7,62,17,4,22,15,3,7,5,2,15,7,29,0,5,17,1,1,1,0,0,0,0,0,0,0,0,0,0,1,4,4,0,0,0,4,9,0,0,0,2,14,1,0,0,0,0,0,0,0,0,0,0,0,1,0,0,0,0,0,0,0,2,0,2,0,1,0,0,0,0,0,0,0,0,0,0,0,0,0,0,0,0,0,0,0,0,1,5,0,0,0,1,0,0,0,0,7,3,0,0,0,0,0,0,0,0,0,0,0,0,0,0,0,1,0,0,0,0,0,0,0,0,0,0,0,0,0,0,0,0,0,0,0,0,0,0,0,0,0,0,0,0,0,0
4fd58e60c95708660cd35aa90f733248.apk,0,1,0,0,0,0,0,0,0,0,0,0,0,0,1,0,0,0,0,0,0,0,0,0,0,1,0,1,0,0,0,0,0,0,0,0,0,0,0,0,1,1,0,0,1,0,0,0,0,0,1,0,0,0,0,0,0,0,0,0,1,0,0,0,1,0,0,1,0,1,0,0,0,0,0,0,0,0,0,123,834,633,98,798,3337,1709,61,1032,696,20,75,640,374,693,129,766,499,809,58,59,44,156,314,216,369,1817,31,8,48,0,161,293,1,0,10,1200,0,95,53,8,14,83,2,3,1,0,20,2,79,96,185,230,295,10,0,0,0,1,0,0,0,0,0,0,0,122,25,12,24,16,10,231,274,40,3,76,65,1,64,138,21,21,2,3,7,27,10,10,2,126,50,18,31,42,62,62,23,6,33,9,27,4,10,24,23,5,3,11,21,20,0,0,0,47,16,0,21,0,3,0,0,0,0,0,0,2,64,0,0,0,0,8,54,5,72,51,12,23,9,4,2,2,4,1,1,0,0,3,2,2,1,0,0,0,0,0,0,0,0,0,0,0,0,0,0,0,0,0,0,0,0,0,0,0,0,0,0,0,0,0,0,0,0,0,0,0,0,0,0,0,0,0,0,0,0,0,0,0,0,0,0,0,0,0,0,0,0,0,0
1046b8a9498edb5ee6f175d752ec9c32.apk,0,1,0,0,0,0,0,0,0,0,0,0,0,0,0,0,0,0,0,0,0,0,0,0,0,0,0,0,0,0,0,0,0,1,0,0,0,0,0,0,0,0,0,0,0,0,0,0,0,0,1,0,0,0,0,0,0,0,0,0,1,0,0,1,0,0,0,1,0,0,0,0,0,0,0,0,0,0,0,885,74,66,21,14,179,268,4,107,95,3,6,156,8,32,81,40,70,114,15,11,2,464,34,20,37,128,10,6,16,3,4,30,1,2,11,75,1,3,162,44,31,10,2,1,2,2,3,2,12,5,3,48,4,2,2,0,0,5,0,0,0,0,0,4,0,22,3,2,0,0,0,2,1,5,0,0,5,0,9,2,1,1,0,0,0,0,2,2,0,63,11,3,4,6,0,0,0,0,0,3,132,3,0,0,0,2,0,0,2,0,0,0,0,6,4,0,0,2,0,0,0,0,0,0,2,3,2,0,4,0,0,0,0,0,8,0,0,0,1,0,0,0,0,0,0,0,0,0,2,0,0,0,0,0,0,0,2,0,0,0,0,0,0,0,0,0,0,0,0,0,0,2,0,0,0,0,0,0,0,0,0,0,0,0,0,0,0,0,0,0,0,0,0,0,0,0,0,0,0,0,0,0,0,0,0,0,0,0,0
00c0a3916b33e792e4b5f23a3a58ec7d.apk,0,1,0,0,0,0,0,0,0,0,0,0,0,0,1,0,0,0,0,0,0,0,0,0,1,1,0,1,0,0,0,0,0,0,0,0,0,0,0,0,1,1,0,0,1,0,0,0,0,0,1,0,0,0,0,0,0,0,0,0,1,0,0,1,1,0,0,1,0,1,0,0,0,0,0,0,0,0,0,4,227,67,25,40,343,375,3,207,9,0,2,3,18,29,153,97,275,55,18,197,19,240,31,38,22,98,4,2,6,3,3,9,0,1,1,73,1,4,73,9,82,9,184,0,0,0,103,184,2,5,84,12,16,9,0,0,0,0,0,0,0,1,0,0,1,17,0,0,11,4,2,6,2,2,0,1,6,0,0,9,1,1,1,0,0,0,0,0,0,0,0,0,0,2,0,0,0,0,0,3,83,11,0,0,0,0,0,0,0,0,0,0,0,0,0,0,1,0,0,0,0,0,0,0,0,0,1,0,0,0,0,0,0,0,0,0,0,0,0,0,0,0,0,1,0,0,0,0,0,0,0,0,0,0,0,0,0,0,0,0,2,0,0,0,0,0,0,0,0,0,0,0,0,0,0,0,0,0,1,0,0,0,0,0,0,0,0,0,0,0,0,0,0,0,0,0,0,0,0,0,0,0,0,0,0,0,0,0,0
9639430c8d83e94a2deae6c14cd4fae0.apk,0,0,0,0,0,0,0,0,0,0,0,0,0,0,0,0,0,0,0,0,0,0,0,0,0,0,0,0,0,0,0,0,0,0,0,0,0,0,0,0,0,0,0,0,0,0,0,0,0,0,0,0,0,0,0,0,0,0,0,0,0,0,0,0,0,0,0,1,0,0,0,0,0,0,0,0,0,0,0,0,70,21,21,5,190,248,5,17,1,1,1,5,2,12,17,6,93,110,5,7,3,7,0,2,1,0,9,1,4,6,0,19,0,8,1,4,8,3,104,1,33,1,0,0,0,0,0,0,0,0,0,0,0,0,0,0,0,0,0,0,0,0,0,0,0,1,0,0,0,0,0,0,0,4,0,1,0,0,0,2,0,0,0,0,0,0,0,0,0,0,0,0,0,0,0,1,0,0,1,2,2,0,0,0,0,0,0,0,0,0,0,0,0,0,0,0,0,0,1,0,0,0,0,0,0,0,0,0,0,0,1,0,0,0,0,0,0,0,0,0,0,0,0,0,1,0,0,0,0,0,0,0,0,0,0,0,0,0,0,0,0,0,0,0,0,0,0,0,0,0,0,0,0,0,0,0,0,0,1,0,0,0,1,0,0,0,0,0,0,0,0,0,0,0,0,0,0,0,0,0,0,0,0,0,0,0,0,0,0
25ca0d7522236b3fb7e3ce93fc9d5a13.apk,0,0,0,0,0,1,0,0,0,0,0,0,0,0,1,0,0,0,0,0,0,0,0,0,0,1,0,1,0,0,0,1,0,0,0,0,0,0,0,1,1,0,0,0,1,0,1,0,0,0,1,0,0,0,1,0,0,0,0,0,1,1,0,0,0,0,0,0,0,1,0,0,0,1,0,0,0,0,0,16,344,324,88,176,1079,503,33,651,400,29,25,240,104,332,199,224,229,194,76,87,58,379,32,85,251,948,26,12,35,67,144,343,11,38,4,361,28,28,19,7,0,30,4,28,3,0,4,4,33,28,150,225,95,30,0,0,0,28,6,25,33,23,18,7,16,61,16,11,15,84,3,46,31,29,3,11,112,4,125,67,5,5,5,17,0,31,0,0,0,0,0,0,86,94,1,9,29,21,69,34,48,0,14,32,1,7,14,0,0,0,0,0,0,40,80,12,13,0,24,5,3,44,2,0,2,3,21,0,0,0,6,0,0,0,0,0,0,0,1,0,13,2,0,0,1,0,0,7,0,13,6,0,10,10,2,1,2,9,6,3,10,0,0,0,0,0,0,0,20,0,0,0,0,0,0,0,0,0,0,1,6,15,6,5,4,3,0,0,4,3,0,13,0,3,35,1,6,3,1,5,2,0,0,0,0,0,0,0,0
153e99c5484c0fdfb4295f02f54dc6f8.apk,0,1,0,0,0,0,0,0,0,0,0,0,0,0,1,0,0,0,0,0,0,0,0,0,1,1,0,1,0,0,0,0,0,0,0,0,0,0,0,0,1,1,0,0,1,0,0,0,0,0,1,0,0,0,0,0,0,0,0,0,1,0,0,1,1,0,0,1,0,1,0,0,0,0,0,0,0,0,0,4,103,65,21,40,343,362,0,136,9,0,2,3,18,32,48,85,91,240,18,13,19,176,31,38,22,98,4,2,6,3,3,9,0,1,1,73,1,4,73,8,22,10,0,0,0,0,0,0,2,5,84,12,16,9,0,0,0,0,0,0,0,1,0,0,1,14,0,0,11,4,2,6,2,2,0,1,6,0,0,9,1,1,1,0,0,0,0,0,0,0,0,0,0,2,0,0,0,0,0,3,22,11,0,0,0,0,0,0,0,0,0,0,0,0,0,0,1,0,0,0,0,0,0,0,0,0,1,0,0,0,0,0,0,0,0,0,0,0,0,0,0,0,0,1,0,0,0,0,0,0,0,0,0,0,0,0,0,0,0,0,2,0,0,0,0,0,0,0,0,0,0,0,0,0,0,0,0,0,1,0,0,0,0,0,0,0,0,0,0,0,0,0,0,0,0,0,0,0,0,0,0,0,0,0,0,0,0,0,0
08634da89ce3e70a81bdf128b998a89e.apk,0,1,1,0,0,0,0,0,0,0,0,0,0,0,0,0,1,0,1,0,0,0,0,0,0,1,0,1,0,0,0,0,0,0,0,0,0,0,0,0,1,0,0,0,1,0,1,0,0,0,1,0,1,0,0,0,1,0,0,0,1,0,0,0,1,0,1,0,0,1,1,0,1,0,0,0,0,0,0,29,126,108,650,102,955,1246,312,1125,17,0,5,38,32,138,47,741,46,342,130,498,492,0,73,35,65,216,12,0,14,12,18,17,0,7,0,99,2,12,1,0,0,11,0,0,0,0,0,0,5,6,79,13,17,6,0,0,0,2,1,9,11,0,2,0,4,47,15,3,22,14,3,21,12,2,10,8,32,0,4,11,1,1,0,0,0,0,0,0,0,0,0,0,0,1,3,2,0,0,0,4,0,0,0,0,1,0,0,0,0,0,0,0,0,0,0,0,0,0,1,0,0,1,0,0,0,0,0,0,0,0,0,0,0,0,0,0,0,0,0,0,0,0,0,0,0,0,0,0,0,0,0,1,4,0,0,0,1,1,0,0,0,0,0,0,0,0,0,0,0,0,0,0,0,0,0,0,0,0,1,0,0,0,0,0,0,0,0,0,0,0,0,0,0,0,0,0,0,0,0,0,0,0,0,0,0,0,0,0,0
222d9bfc7496d48240d0d176c70e2835.apk,0,1,1,0,0,0,0,0,0,0,0,0,0,0,0,1,0,0,0,0,0,0,0,0,0,1,0,1,0,0,0,1,0,1,0,0,0,0,0,0,0,1,0,1,1,0,0,0,0,0,0,0,0,0,0,0,0,0,1,0,0,0,0,0,1,0,0,1,0,0,0,0,0,0,1,0,0,0,0,92920,6250,7262,1286,5834,18823,10498,643,11785,4393,234,621,26283,2440,5510,2673,5261,3042,2714,500,600,341,9609,2093,2919,3034,14561,207,32,474,3,772,1260,1,1,111,10443,1,649,1872,628,454,576,169,8,9,13,100,169,354,842,2316,2149,3160,257,8,12,0,71,0,98,137,7,548,4,86,787,1084,89,108,200,40,1092,1283,196,44,432,194,2,529,995,131,131,5,8,26,98,71,71,39,545,254,289,383,242,141,286,97,26,56,51,7784,119,103,235,76,24,82,55,101,136,6,21,29,610,399,4,176,7,9,9,3,4,2,1,15,41,301,2,318,1,6,71,155,63,261,237,71,52,107,54,49,14,24,20,14,25,17,19,23,14,5,8,19,15,1,1,3,2,8,3,4,1,2,4,5,4,14,8,31,2,6,18,11,3,1,3,3,1,2,4,1,5,1,3,0,0,0,0,0,0,0,0,0,0,0,0,0,0,0,0,0,0,0,0,0,0,0,0,0
237d0253fea2a777798360175fd941e9.apk,0,1,1,0,0,0,0,0,0,0,0,0,0,0,0,0,1,0,1,0,0,1,0,0,1,1,0,1,1,0,0,0,0,0,0,0,0,0,0,0,1,1,1,0,1,0,0,0,0,0,1,0,0,0,0,0,0,0,0,0,1,0,0,0,1,0,0,1,1,1,0,0,0,0,0,0,0,0,0,729,2748,189,662,167,1099,746,92,883,2,1,5,294,113,406,1307,260,2304,2557,328,79,558,0,127,69,87,313,48,3,32,3,53,55,0,1,19,191,1,2197,2,0,9,18,0,1,33,32,17,0,244,11,80,9,11,24,0,2,0,7,0,11,22,3,1,0,4,421,147,68,44,25,0,28,24,17,14,12,521,2,1,40,62,62,1,0,0,0,2,2,0,0,0,0,5,2,27,2,0,0,1,1,0,3,70,70,18,165,3,0,0,0,1,0,0,0,0,0,4,0,31,0,0,2,2,2,0,16,0,7,0,0,32,0,0,0,0,0,0,0,0,0,1,0,0,0,0,1,0,0,0,0,0,0,3,0,0,0,30,0,0,0,3,2,13,0,0,0,0,5,0,0,0,0,0,0,0,0,0,9,1,0,0,0,0,0,0,0,0,0,0,0,0,0,0,0,0,0,0,0,0,0,0,0,0,0,0,0,0,0,0
5b912cc0f36095ab2f32d95e91b55be7.apk,0,1,1,0,0,0,0,0,0,0,0,0,0,0,0,0,0,0,0,0,0,0,0,0,0,0,0,1,0,0,0,0,0,1,0,0,0,0,0,0,0,1,0,0,1,0,0,0,0,0,0,0,0,0,0,0,0,0,0,0,0,0,0,0,0,0,0,1,0,0,0,0,0,0,0,0,0,0,0,1155,122,69,8,35,222,164,2,115,18,3,7,144,8,66,51,58,100,66,52,16,1,121,19,34,37,74,10,3,9,4,8,16,1,2,2,46,1,22,28,6,12,5,1,5,7,3,0,1,7,2,9,14,1,0,0,0,0,2,0,0,0,0,0,0,0,3,1,0,1,0,0,3,1,0,2,2,3,0,0,14,0,0,0,0,0,0,0,0,0,0,0,0,1,1,1,0,2,0,4,3,18,2,1,2,0,0,0,0,0,0,0,0,0,0,0,0,0,0,0,0,0,0,0,0,0,2,0,0,0,0,1,0,0,0,0,0,0,0,0,0,0,0,0,0,0,0,0,0,0,2,0,0,0,0,0,0,0,3,0,0,0,0,0,0,0,0,0,0,0,0,0,0,0,0,0,0,0,0,0,0,0,0,0,0,0,0,0,0,0,0,0,0,0,1,0,0,0,0,0,0,0,7,1,0,0,0,0,0,0
3b785b799471bf424f240deb674a2097.apk,0,1,0,0,0,0,0,0,0,0,0,0,0,0,0,0,0,0,0,0,0,0,0,0,0,0,0,1,0,0,0,0,0,0,0,0,0,0,0,0,0,0,0,0,1,0,0,0,0,0,1,0,0,0,0,0,0,0,0,0,0,0,0,0,1,0,0,0,0,0,0,0,0,0,0,0,0,0,0,3,39,36,10,1,58,51,4,34,0,1,1,0,4,22,6,25,22,23,16,8,2,0,4,13,15,22,6,7,3,3,1,9,0,1,1,9,1,0,0,0,0,7,1,1,2,2,0,1,4,3,12,0,2,0,0,0,0,0,0,0,0,0,2,0,0,0,2,0,4,3,0,0,0,0,0,2,0,0,1,3,0,0,0,0,0,0,0,0,0,0,0,0,0,0,0,0,0,0,0,1,0,2,0,0,0,6,0,0,0,0,0,0,0,2,0,0,1,0,0,0,0,0,0,0,0,0,1,0,0,0,0,0,0,0,0,0,0,0,0,0,0,0,0,0,0,0,0,0,0,0,0,0,0,0,0,0,0,0,0,0,0,0,0,0,0,0,0,0,0,0,1,0,0,0,0,0,0,0,0,0,0,0,0,0,0,0,0,0,0,0,0,0,0,0,0,0,0,0,0,0,0,0,0,0,0,0,0,0,0
0d33685eff9b6df4e87d799689e99a32.apk,0,0,0,0,0,0,0,0,0,0,0,0,0,0,0,0,0,0,0,0,0,0,0,0,0,0,0,0,0,0,0,0,0,0,0,0,0,0,0,0,0,0,0,0,0,0,0,0,0,0,1,0,0,0,0,0,0,0,0,0,1,0,0,0,0,0,0,0,0,0,0,0,0,0,0,0,0,0,0,21,44,29,13,12,113,48,3,16,1,1,0,0,0,24,7,9,29,42,22,3,1,0,9,3,10,29,0,0,0,0,0,0,0,0,0,6,0,3,0,0,0,2,0,0,0,0,0,0,2,3,9,6,0,0,0,0,0,0,0,0,0,0,0,0,0,0,1,1,0,0,0,0,0,0,0,0,2,0,0,0,0,0,0,0,0,0,0,0,0,0,0,0,0,0,0,0,0,0,0,0,0,0,0,0,1,2,0,0,0,0,0,0,0,0,0,0,0,0,0,0,0,0,0,0,0,0,0,0,0,0,0,0,0,0,0,0,0,0,0,0,0,0,0,0,0,0,0,0,0,0,0,0,0,0,0,0,0,0,0,0,0,0,0,0,0,0,0,0,0,0,0,0,0,0,0,0,0,0,0,0,0,0,0,0,0,0,0,0,0,0,0,0,0,0,0,0,0,0,0,0,0,0,0,1,0,0,0,0,0
dc531be53c6726e4279c6bbd87b8e169.apk,0,0,0,0,0,0,0,0,0,0,0,0,0,0,0,0,0,0,0,0,0,0,0,0,0,0,0,0,0,0,0,0,0,0,0,0,0,0,0,0,0,0,0,0,0,0,0,0,0,0,0,0,0,0,0,0,0,0,0,0,0,0,0,0,0,0,0,1,0,0,0,0,0,0,0,0,0,0,0,0,70,21,21,5,190,248,5,17,1,1,1,5,2,12,17,6,93,110,5,7,3,7,0,2,1,0,9,1,4,6,0,19,0,8,1,4,8,3,104,1,33,1,0,0,0,0,0,0,0,0,0,0,0,0,0,0,0,0,0,0,0,0,0,0,0,1,0,0,0,0,0,0,0,4,0,1,0,0,0,2,0,0,0,0,0,0,0,0,0,0,0,0,0,0,0,1,0,0,1,2,2,0,0,0,0,0,0,0,0,0,0,0,0,0,0,0,0,0,1,0,0,0,0,0,0,0,0,0,0,0,1,0,0,0,0,0,0,0,0,0,0,0,0,0,1,0,0,0,0,0,0,0,0,0,0,0,0,0,0,0,0,0,0,0,0,0,0,0,0,0,0,0,0,0,0,0,0,0,1,0,0,0,1,0,0,0,0,0,0,0,0,0,0,0,0,0,0,0,0,0,0,0,0,0,0,0,0,0,0
cd07b48e5ba86570c123e93461cd78db.apk,0,0,0,0,0,0,0,0,0,0,0,0,0,0,0,0,0,0,0,0,0,0,0,0,0,0,0,0,0,0,0,0,0,0,0,0,0,0,0,0,0,0,0,0,0,0,0,0,0,0,1,0,0,0,0,0,0,0,0,0,1,0,0,0,0,0,0,0,0,0,0,0,0,0,0,0,0,0,0,40228,2701,3317,742,2017,7762,4665,268,4384,1551,71,187,10838,880,2149,1110,2461,1476,1657,274,182,149,3785,1030,1516,1170,5067,133,13,242,1,335,531,0,1,41,3940,0,363,753,244,177,183,11,5,1,9,49,11,103,397,1100,751,1483,137,3,10,0,14,0,50,76,6,380,4,42,325,207,28,42,94,20,472,538,87,19,178,99,2,120,301,64,64,1,0,17,57,27,27,11,274,151,115,73,99,87,114,30,7,42,22,3293,54,60,137,48,14,55,44,53,70,2,11,19,184,94,4,71,2,4,4,3,5,2,1,5,18,107,2,81,1,3,51,80,36,160,110,38,30,22,19,28,7,13,3,10,11,8,7,5,10,5,5,13,3,0,0,0,0,0,0,0,0,0,0,1,3,11,7,11,2,1,4,0,0,0,0,2,0,0,0,0,0,0,0,0,0,0,0,0,0,0,0,0,0,0,0,0,0,0,0,0,0,0,0,1,0,0,0,0
50e1f008d92edbde5a4c3185ff8f9c55.apk,0,1,1,0,0,0,0,0,0,0,0,0,0,0,0,0,0,0,0,0,0,0,0,0,0,0,0,1,0,0,0,0,0,1,0,0,0,0,0,0,0,1,0,0,1,0,0,0,0,0,0,0,0,0,0,0,0,0,0,0,0,0,0,0,0,0,0,1,0,0,0,0,0,0,0,0,0,0,0,1155,122,69,8,35,222,164,2,115,18,3,7,144,8,66,51,58,100,66,52,16,1,121,19,34,37,74,10,3,9,4,8,16,1,2,2,46,1,22,28,6,12,5,1,5,7,3,0,1,7,2,9,14,1,0,0,0,0,2,0,0,0,0,0,0,0,3,1,0,1,0,0,3,1,0,2,2,3,0,0,14,0,0,0,0,0,0,0,0,0,0,0,0,1,1,1,0,2,0,4,3,18,2,1,2,0,0,0,0,0,0,0,0,0,0,0,0,0,0,0,0,0,0,0,0,0,2,0,0,0,0,1,0,0,0,0,0,0,0,0,0,0,0,0,0,0,0,0,0,0,2,0,0,0,0,0,0,0,3,0,0,0,0,0,0,0,0,0,0,0,0,0,0,0,0,0,0,0,0,0,0,0,0,0,0,0,0,0,0,0,0,0,0,0,1,0,0,0,0,0,0,0,7,1,0,0,0,0,0,0
aa2be7fd72752dffa89fb903cb70392e.apk,0,0,0,0,0,0,0,0,0,0,0,0,0,0,0,0,0,0,0,0,0,0,0,0,0,0,0,0,0,0,0,0,0,0,0,0,0,0,0,0,0,0,0,0,0,0,0,0,0,0,0,0,0,0,0,0,0,0,0,0,0,0,0,0,0,0,0,1,0,0,0,0,0,0,0,0,0,0,0,0,70,21,21,5,190,248,5,17,1,1,1,5,2,12,17,6,93,110,5,7,3,7,0,2,1,0,9,1,4,6,0,19,0,8,1,4,8,3,104,1,33,1,0,0,0,0,0,0,0,0,0,0,0,0,0,0,0,0,0,0,0,0,0,0,0,1,0,0,0,0,0,0,0,4,0,1,0,0,0,2,0,0,0,0,0,0,0,0,0,0,0,0,0,0,0,1,0,0,1,2,2,0,0,0,0,0,0,0,0,0,0,0,0,0,0,0,0,0,1,0,0,0,0,0,0,0,0,0,0,0,1,0,0,0,0,0,0,0,0,0,0,0,0,0,1,0,0,0,0,0,0,0,0,0,0,0,0,0,0,0,0,0,0,0,0,0,0,0,0,0,0,0,0,0,0,0,0,0,1,0,0,0,1,0,0,0,0,0,0,0,0,0,0,0,0,0,0,0,0,0,0,0,0,0,0,0,0,0,0
1d342362aa5deb2d3c96294ef0a65cc0.apk,0,1,0,0,0,0,0,0,0,0,0,0,0,0,1,0,0,0,0,0,0,0,0,0,1,1,0,1,0,0,0,0,0,0,0,0,0,0,0,0,1,1,0,0,1,1,0,0,0,0,1,0,0,0,0,0,0,0,0,0,1,0,0,1,1,0,0,1,0,1,0,0,0,1,0,0,0,0,0,37,285,192,27,42,821,513,2,187,9,0,10,20,50,65,59,104,195,381,51,35,43,0,150,14,94,121,1,0,2,0,4,6,0,0,0,149,0,1,6,0,1,9,0,0,0,0,0,0,118,2,70,13,17,5,0,0,0,3,0,0,0,3,0,0,0,17,0,2,18,1,2,5,1,7,0,5,1,0,0,12,0,0,3,0,0,0,0,0,0,0,0,6,0,2,0,0,0,0,0,0,0,0,0,0,0,0,0,0,0,0,0,0,0,0,0,0,0,0,0,0,0,0,0,0,0,0,0,0,0,0,0,0,0,0,0,0,0,0,0,0,0,0,0,1,0,0,0,0,0,0,0,0,0,0,0,0,0,0,1,0,0,0,0,1,0,0,0,0,0,0,0,0,0,0,0,0,0,0,0,0,0,0,0,0,0,0,0,0,0,0,0,0,0,0,0,0,0,0,0,0,0,0,0,0,0,0,0,0,0
00357b0e208c20df3182d54cb2ba15bf.apk,0,1,1,0,0,0,0,0,0,0,0,0,0,0,0,0,1,0,1,0,0,0,0,0,0,1,0,1,0,0,0,0,0,0,0,0,0,0,0,0,1,0,0,0,1,0,1,0,0,0,1,0,1,0,0,0,1,0,0,0,1,0,0,0,1,0,1,0,0,0,1,0,1,0,0,0,0,0,0,12,72,81,329,76,1012,1895,22,2013,20,0,5,35,31,95,74,1379,19,34,106,917,941,71,72,31,62,175,12,0,12,13,18,20,0,7,0,75,2,9,0,13,3,12,1,0,0,0,2,1,950,6,33,11,9,7,0,0,0,1,0,5,10,0,5,0,7,62,17,4,22,15,3,7,5,2,15,7,29,0,5,17,1,1,1,0,0,0,0,0,0,0,0,0,0,1,4,4,0,0,0,4,9,0,0,0,2,14,1,0,0,0,0,0,0,0,0,0,0,0,1,0,0,0,0,0,0,0,2,0,2,0,1,0,0,0,0,0,0,0,0,0,0,0,0,0,0,0,0,0,0,0,0,1,5,0,0,0,1,0,0,0,0,7,3,0,0,0,0,0,0,0,0,0,0,0,0,0,0,0,1,0,0,0,0,0,0,0,0,0,0,0,0,0,0,0,0,0,0,0,0,0,0,0,0,0,0,0,0,0,0
1d4fcc628e65babec21985b71295cc9a.apk,0,1,0,0,0,0,0,0,0,0,0,0,1,1,0,0,0,0,0,0,1,0,0,0,0,1,1,1,0,0,0,0,0,0,0,0,0,0,0,0,1,0,0,0,1,0,1,0,0,0,1,0,1,0,0,0,1,0,0,0,1,0,0,0,0,0,0,1,0,0,0,0,0,0,0,0,0,0,0,244,1609,833,566,1020,3846,3215,208,1298,423,12,90,275,523,954,481,1391,1157,1729,238,203,152,134,374,786,682,1659,183,17,23,41,131,245,0,31,2,1505,35,348,37,3,17,81,74,13,9,5,31,74,22,34,1449,174,310,54,0,0,0,25,4,41,62,21,10,0,37,65,2,13,50,57,1,95,112,50,0,63,59,4,182,141,11,11,3,1,3,10,1,1,0,0,0,82,18,57,0,45,26,9,17,36,11,5,46,97,11,0,20,0,0,0,0,0,0,26,25,0,41,0,9,0,0,12,0,0,0,1,8,0,1,0,3,0,0,0,0,0,0,0,0,0,4,0,0,0,0,0,0,4,0,0,0,0,5,1,0,0,0,3,0,0,1,2,1,0,0,0,0,0,2,0,0,0,0,1,0,0,0,0,0,0,2,0,0,0,0,0,0,0,0,1,0,0,0,0,0,0,0,0,0,0,0,0,0,0,0,0,0,0,0
02985692e377d55eaa4347a77b52d789.apk,1,1,1,0,1,0,1,0,0,0,0,1,1,0,1,0,1,0,1,0,0,0,0,0,1,1,0,1,0,0,0,0,1,1,0,0,0,1,0,0,1,1,0,0,1,1,1,0,0,0,1,0,1,0,0,0,0,0,0,0,1,0,0,1,1,0,0,1,0,1,0,0,0,1,0,0,0,0,0,17,386,230,49,52,1172,1039,2,384,31,0,12,6,52,111,200,146,319,718,135,137,135,774,164,22,112,178,1,0,5,0,4,7,0,0,0,153,0,1,165,48,42,16,0,0,0,0,0,0,128,4,61,25,20,8,0,0,0,3,0,0,0,1,0,0,0,53,0,4,51,7,2,5,2,7,0,5,1,0,2,12,0,0,4,0,0,0,0,0,0,4,0,6,0,5,0,0,0,0,0,0,220,10,0,0,0,0,0,1,2,0,0,0,0,0,0,0,0,0,0,0,0,0,0,0,0,0,0,0,6,0,0,0,0,0,2,0,0,0,0,0,0,0,0,2,0,0,0,0,0,0,0,0,0,3,0,0,0,0,0,0,0,0,0,1,0,0,0,0,0,0,0,0,0,0,0,0,0,0,0,0,0,0,0,0,0,0,0,0,0,0,0,0,1,0,0,0,0,0,0,0,0,0,0,0,0,0,0,0,0
0647e7667203a2a9e1858a6e9f49e98b.apk,0,1,0,0,0,0,0,0,0,0,0,0,0,0,0,0,0,0,0,0,0,0,0,0,0,0,0,1,0,0,0,0,0,1,0,0,0,0,0,0,0,0,0,0,0,0,0,0,0,0,1,0,0,0,0,0,1,0,0,0,1,0,0,1,0,0,0,1,0,0,0,0,0,0,0,0,0,0,0,596,61,46,14,7,133,151,4,47,1,3,1,44,3,23,28,32,40,75,15,6,1,68,15,17,21,48,5,2,5,3,2,6,1,2,2,13,1,3,13,3,6,7,1,1,2,2,1,1,8,4,15,8,1,4,1,1,1,9,1,1,2,1,4,4,1,1,0,0,0,0,0,0,0,0,0,0,0,0,0,0,0,0,0,0,0,0,0,0,0,0,0,0,0,0,0,0,0,0,0,0,0,0,0,0,0,0,0,0,0,0,0,0,0,0,0,0,0,0,0,0,0,0,0,0,0,0,0,0,0,0,0,0,0,0,0,0,0,0,0,0,0,0,0,0,0,0,0,0,0,0,0,0,0,0,0,0,0,0,0,0,0,0,0,0,0,0,0,0,0,0,0,0,0,0,0,0,0,0,0,0,0,0,0,0,0,0,0,0,0,0,0,0,0,0,0,0,0,0,0,0,0,0,0,0,0,0,0,0,0
6cf17ea9a7f688c8ac3f953d4cee6795.apk,1,1,1,0,0,0,1,0,0,0,0,0,1,0,1,0,1,0,0,0,0,0,0,0,1,0,0,1,0,0,0,0,0,0,0,0,1,0,1,1,1,0,0,0,1,0,1,0,0,0,1,0,1,1,0,0,1,0,0,0,1,0,0,0,1,0,1,1,0,0,0,0,0,1,0,0,0,0,0,1392,7131,5158,1985,5820,19877,10941,580,7803,3231,216,679,3249,2696,5876,1554,5058,4262,4566,1928,614,492,724,1836,2604,3013,11169,614,56,547,151,598,1548,14,71,91,7367,58,1464,215,57,109,509,62,18,72,22,106,62,519,341,2261,1769,2243,269,1,0,0,85,2,148,160,33,44,5,106,734,549,70,203,185,37,1065,1192,180,146,413,447,12,543,949,114,114,9,10,24,70,64,64,14,277,130,301,192,136,260,221,92,32,90,102,383,24,409,858,116,47,49,30,46,37,6,36,53,263,123,11,143,6,10,18,1,40,2,1,4,18,240,3,15,2,36,13,88,10,144,130,37,50,45,16,4,6,5,6,7,15,8,9,9,7,0,2,31,1,5,10,7,3,0,1,5,19,15,3,0,0,0,1,7,0,1,0,0,1,0,0,0,1,2,2,2,2,0,2,11,35,14,6,3,0,0,0,0,0,0,0,0,2,0,3,1,0,0,0,0,3,1,0,0
0dad5140086599b61662645b288f9e22.apk,0,0,0,0,0,0,0,0,0,0,0,0,0,0,0,0,0,0,0,0,0,0,0,0,0,0,0,1,0,0,0,0,0,0,0,0,0,0,0,0,0,0,0,0,0,0,0,0,0,0,1,0,0,0,0,0,0,0,0,0,1,0,0,0,0,0,0,0,0,0,0,0,0,0,0,0,0,0,0,513,54,36,16,6,126,122,5,40,4,1,1,68,1,22,21,28,33,51,10,5,1,5,12,20,24,49,10,3,10,4,4,8,3,4,4,7,2,2,0,0,0,3,0,0,0,0,0,0,4,2,3,8,1,1,1,0,0,0,0,0,0,0,0,0,0,1,0,0,0,0,0,0,0,0,0,0,2,0,0,0,0,0,0,0,0,0,0,0,0,0,0,0,0,0,0,0,0,0,0,0,0,0,0,0,0,0,0,0,0,0,0,0,0,0,0,0,0,0,0,0,0,0,0,0,1,0,0,0,0,0,2,0,0,0,0,0,0,0,0,0,0,1,0,0,0,0,0,0,0,0,0,0,0,0,0,0,0,0,0,0,0,0,0,0,0,0,0,0,0,0,0,0,0,0,0,0,0,0,0,0,0,0,0,0,0,0,0,0,0,0,0,0,0,0,0,0,0,0,0,0,0,0,0,0,0,0,0,0,0
244c982e91b55edd55fab1c96c392211.apk,0,1,0,0,0,0,0,0,0,0,0,0,0,0,1,0,0,0,0,0,0,0,0,0,1,1,0,1,0,0,0,0,0,0,0,0,0,0,0,0,1,1,0,0,1,1,0,0,0,0,1,0,0,0,0,0,0,0,0,0,1,0,0,1,1,0,0,1,0,1,0,0,0,1,0,0,0,0,0,37,310,192,27,42,900,592,2,187,9,0,10,20,50,63,59,104,220,434,51,35,43,0,150,14,94,121,1,0,2,0,4,6,0,0,0,149,0,1,6,0,1,9,0,0,0,0,0,0,118,2,70,13,17,5,0,0,0,3,0,0,0,3,0,0,0,19,0,2,18,1,2,5,1,7,0,5,1,0,0,12,0,0,3,0,0,0,0,0,0,0,0,6,0,2,0,0,0,0,0,0,0,0,0,0,0,0,0,0,0,0,0,0,0,0,0,0,0,0,0,0,0,0,0,0,0,0,0,0,0,0,0,0,0,0,0,0,0,0,0,0,0,0,0,1,0,0,0,0,0,0,0,0,0,0,0,0,0,0,1,0,0,0,0,1,0,0,0,0,0,0,0,0,0,0,0,0,0,0,0,0,0,0,0,0,0,0,0,0,0,0,0,0,0,0,0,0,0,0,0,0,0,0,0,0,0,0,0,0,0
b469d12d7307f9a6b369d4f7301a6c4b.apk,0,1,1,1,0,0,0,1,1,0,1,0,1,0,0,0,1,0,1,0,0,1,0,0,1,1,0,1,1,1,0,0,0,0,0,1,1,0,0,0,1,0,0,0,1,0,1,0,0,1,1,0,1,0,0,0,1,0,0,0,1,0,1,0,1,0,0,1,0,1,1,0,0,1,0,0,0,0,1,61,201,88,15,81,627,438,2,282,4,1,44,57,49,77,63,167,155,394,89,58,87,0,36,30,52,204,8,1,18,1,9,29,0,1,1,237,0,13,8,0,3,11,6,0,1,2,3,6,33,14,112,3,12,4,0,0,0,2,0,0,0,4,0,0,0,89,6,7,12,8,0,1,1,12,0,6,10,2,4,29,4,4,1,0,0,0,0,0,0,0,0,0,0,2,0,1,0,0,0,0,0,1,0,0,0,0,0,0,0,0,0,0,0,0,0,0,0,0,0,0,0,0,0,0,0,1,2,0,0,0,0,0,0,0,0,0,0,0,0,0,0,0,0,0,0,0,0,0,0,0,0,0,0,0,0,0,3,0,0,0,0,0,0,0,0,0,0,0,0,0,0,0,0,0,0,0,0,0,0,0,0,0,0,0,6,2,0,0,0,0,0,0,0,0,0,0,0,0,0,0,0,0,0,0,0,0,0,0,0
75917cec7507075e6a2128a18db08cfe.apk,0,1,0,0,0,0,0,0,0,0,0,0,1,0,0,0,0,0,0,0,0,0,0,0,0,1,0,1,0,0,0,0,0,0,0,0,0,0,0,0,0,0,0,0,1,0,1,0,0,0,1,0,1,0,0,0,1,0,0,0,1,0,0,0,1,0,0,0,0,0,0,0,0,0,0,0,0,0,0,81,942,355,480,432,2540,1996,177,749,40,3,61,49,216,458,488,930,653,1224,110,74,99,136,145,315,240,643,33,9,8,3,58,107,1,2,5,889,2,65,63,24,22,35,29,0,1,0,5,29,523,27,833,34,181,13,2,1,0,1,0,8,10,0,1,0,7,55,1,11,33,15,0,97,125,16,5,32,38,0,24,78,6,6,0,0,0,0,0,0,0,0,0,4,29,15,4,8,2,1,1,0,7,4,9,19,2,566,1,0,0,0,0,0,0,0,31,0,5,0,0,0,0,0,0,0,1,0,2,0,0,0,2,0,0,0,0,0,0,0,0,0,1,0,0,0,0,0,0,0,1,0,0,0,3,0,2,2,1,1,0,0,1,0,0,0,0,0,0,0,0,0,0,0,0,0,0,0,0,0,0,0,0,0,0,0,0,0,0,0,0,0,0,0,0,0,0,0,0,0,0,0,0,0,0,0,0,0,0,0,0
130a8a08dc6ac74fe7f7d70ee3c629b7.apk,0,1,1,0,1,0,0,0,0,0,0,0,0,0,0,0,0,1,0,1,0,0,0,0,1,1,0,1,1,0,1,0,0,0,0,0,0,0,1,0,0,1,0,0,1,0,1,1,1,0,1,0,1,0,0,0,0,1,0,1,1,0,0,0,1,1,0,1,0,0,0,1,0,0,0,0,0,0,0,254,3839,1419,306,2698,23142,30569,140,11867,440,66,1600,1242,1388,2049,5902,28160,3198,18124,111,65,113,303,410,737,877,3088,23,13,543,3,654,153,180,2,39,12713,2,75,35,2593,39,250,20,0,5,0,7,20,5336,165,563,248,388,25,2,1,0,12,0,25,18,0,6,0,14,2855,61,510,72,24,3,226,241,537,98,45,65,0,769,1674,8,8,0,4,0,6,6,6,0,13,8,35,4,9,66,34,16,2,2,0,97,6,18,37,8,1,7,2,3,1,2,0,3,397,20,0,11,4,1,0,0,0,0,0,2,0,386,0,8,0,2,0,0,0,11,3,0,1,5,1,0,1,0,4,0,8,0,0,6,3,0,0,1,1,2,2,1,2,0,1,0,0,0,3,0,0,0,0,3,0,1,0,0,0,0,0,0,0,2,1,0,0,0,0,0,0,0,0,0,0,0,0,0,0,0,0,0,0,0,0,0,0,0,0,0,0,0,48,0
12d31f8b0dc89a3b196b56ce7ac23b89.apk,0,1,0,0,0,0,0,0,0,0,0,0,1,1,0,0,0,0,0,0,1,0,0,0,0,1,1,1,0,0,0,0,0,0,0,0,0,0,0,0,1,0,0,0,1,0,1,0,0,0,1,0,1,0,0,0,1,0,0,0,1,0,0,0,0,0,0,1,0,0,0,0,0,0,0,0,0,0,0,152,839,656,223,974,3558,1699,134,1123,702,21,82,684,385,847,171,805,539,748,61,119,49,182,295,276,389,1850,33,8,63,2,191,329,0,2,10,1336,2,94,73,8,23,82,60,3,1,0,43,60,23,99,240,255,313,26,0,0,0,4,0,15,18,4,0,0,2,117,43,13,21,14,8,229,278,36,5,81,38,4,68,162,22,22,0,3,7,27,12,12,2,132,51,22,32,46,63,65,23,6,33,9,48,2,10,24,22,5,7,11,22,21,0,0,0,47,20,0,21,0,3,0,0,0,0,0,0,2,67,0,0,0,0,8,56,5,77,51,13,24,10,4,2,2,4,1,1,0,0,3,2,2,0,0,0,0,0,0,0,0,0,0,2,2,1,0,0,0,0,0,0,0,0,0,0,0,0,0,0,0,0,0,0,0,0,0,0,0,0,0,0,0,0,0,0,0,0,0,0,0,0,0,0,0,0,0,0,0,0,0,0
a7d26deb2f8af2465df8735111eee8bc.apk,0,1,1,0,0,0,0,0,0,0,0,0,0,0,0,1,0,0,0,0,0,0,0,0,0,1,0,1,0,0,0,1,0,1,0,0,0,0,0,0,0,1,0,1,1,0,0,0,0,0,0,0,0,0,0,0,0,0,1,0,0,0,0,0,1,0,0,1,0,0,0,0,0,0,1,0,0,0,0,92920,6256,7265,1287,5834,18839,10503,643,11789,4393,234,621,26283,2440,5510,2676,5263,3047,2717,500,600,341,9609,2094,2919,3036,14562,207,33,474,3,772,1261,0,1,111,10445,1,649,1872,628,454,577,169,8,9,13,100,169,354,843,2316,2149,3160,257,8,12,0,71,0,98,137,7,548,4,86,787,1084,89,108,200,40,1092,1283,196,44,432,194,2,529,995,131,131,5,8,26,98,71,71,39,545,254,289,383,242,141,286,97,26,56,51,7784,119,103,235,76,24,82,55,101,136,6,21,29,610,399,4,176,7,9,9,3,4,2,1,15,41,301,2,318,1,6,71,155,63,261,237,71,52,107,54,49,14,24,20,14,25,17,19,23,14,5,8,19,15,1,1,3,2,8,3,4,1,2,4,5,4,14,8,31,2,6,18,11,3,1,3,3,1,2,4,1,5,1,3,0,0,0,0,0,0,0,0,0,0,0,0,0,0,0,0,0,0,0,0,0,0,0,0,0
112026eab375721007691178dd94740b.apk,0,1,0,0,0,0,0,0,0,0,0,0,0,0,1,0,0,0,0,0,0,0,0,0,1,1,0,1,0,0,0,0,0,0,0,0,0,0,0,0,1,1,0,0,1,1,0,0,0,0,1,0,0,0,0,0,0,0,0,0,1,0,0,1,1,0,0,1,0,1,0,0,0,1,0,0,0,0,0,34,379,192,45,42,1198,946,2,396,25,0,10,20,50,95,59,164,289,661,117,130,131,0,157,16,99,152,1,0,2,0,4,6,0,0,0,136,0,1,6,0,1,9,0,0,0,0,0,0,119,2,61,16,16,4,0,0,0,3,0,0,0,3,2,0,0,53,0,2,44,5,2,5,1,7,0,5,1,0,0,12,0,0,3,0,0,0,0,0,0,0,0,6,0,1,0,0,0,0,0,0,0,0,0,0,0,0,0,0,0,0,0,0,0,0,0,0,0,0,0,0,0,0,0,0,0,0,0,0,0,0,0,0,0,0,0,0,0,0,0,0,0,0,0,1,0,0,0,0,0,0,0,0,0,0,0,0,0,0,1,0,0,0,0,1,0,0,0,0,0,0,0,0,0,0,0,0,0,0,0,0,0,0,0,0,0,0,0,0,0,0,0,0,0,0,0,0,0,0,0,0,0,0,0,0,0,0,0,0,0
01147ee72ad07cb9c1416b9963e56f99.apk,0,1,0,0,0,0,0,0,0,0,0,0,0,0,0,0,0,0,0,0,0,0,0,0,0,0,0,1,0,0,0,0,0,1,0,0,0,0,0,0,0,0,0,0,0,0,0,0,0,0,1,0,0,0,0,0,1,0,0,0,1,0,0,1,0,0,0,1,0,0,0,0,0,0,0,0,0,0,0,596,61,46,14,7,133,151,4,47,1,3,1,44,3,23,28,32,40,75,15,6,1,68,15,17,21,48,5,2,5,3,2,6,1,2,2,13,1,3,13,3,6,7,1,1,2,2,1,1,8,4,15,8,1,4,1,1,1,9,1,1,2,1,4,4,1,1,0,0,0,0,0,0,0,0,0,0,0,0,0,0,0,0,0,0,0,0,0,0,0,0,0,0,0,0,0,0,0,0,0,0,0,0,0,0,0,0,0,0,0,0,0,0,0,0,0,0,0,0,0,0,0,0,0,0,0,0,0,0,0,0,0,0,0,0,0,0,0,0,0,0,0,0,0,0,0,0,0,0,0,0,0,0,0,0,0,0,0,0,0,0,0,0,0,0,0,0,0,0,0,0,0,0,0,0,0,0,0,0,0,0,0,0,0,0,0,0,0,0,0,0,0,0,0,0,0,0,0,0,0,0,0,0,0,0,0,0,0,0,0
1ad669a7c148352dbb5389a8238e8fa0.apk,0,0,0,0,0,0,0,0,0,0,0,0,0,0,0,0,0,0,0,0,0,0,0,0,0,0,0,1,0,0,0,0,0,0,0,0,0,0,0,0,0,0,0,0,1,0,0,0,0,0,1,0,0,0,0,0,0,0,0,0,1,0,0,0,0,0,0,1,0,0,0,0,0,0,0,0,0,0,0,288,2807,3272,603,2661,9247,4448,254,3827,1809,133,256,537,1120,2255,749,1999,1439,1434,242,196,135,1476,1003,1459,1392,6464,108,20,177,1,332,580,0,1,55,3725,0,339,372,117,70,358,35,5,5,9,55,35,134,298,1119,910,1453,72,0,0,0,24,0,55,53,4,8,4,37,204,260,29,38,59,17,614,715,82,13,181,84,2,99,415,66,66,1,13,18,47,30,30,8,231,97,94,62,69,79,145,46,7,41,20,1176,20,76,176,57,14,28,56,16,22,1,21,28,82,213,4,61,8,3,11,3,3,2,1,2,3,248,1,13,1,3,40,56,29,135,99,30,54,20,8,2,3,4,6,15,13,6,13,13,3,0,2,2,4,0,0,0,2,0,0,0,0,0,4,0,0,0,1,0,0,0,0,0,1,0,0,0,0,3,4,1,1,0,0,0,0,0,0,0,0,0,0,0,0,0,0,0,0,0,0,0,0,0,0,0,0,0,0,0
041f8b32fa15efda620b04a5dd41554a.apk,0,1,0,0,0,0,0,0,0,0,0,0,0,0,0,0,0,0,0,0,0,0,0,0,0,0,0,1,0,0,0,0,0,1,0,0,0,0,0,0,0,0,0,0,0,0,0,0,0,0,1,0,0,0,0,0,0,0,0,0,1,0,0,1,1,0,0,1,0,0,0,0,0,0,0,0,0,0,0,47,79,57,27,29,203,111,13,83,8,3,1,21,0,45,62,70,55,120,23,21,42,0,10,11,12,47,7,3,10,1,2,15,1,0,3,40,0,3,0,1,8,1,2,1,4,3,0,2,3,6,10,17,2,0,0,0,0,0,0,0,0,0,0,0,0,1,21,1,0,0,0,0,0,1,6,0,6,1,4,7,1,1,0,0,0,2,0,0,0,5,0,0,13,7,1,0,2,1,1,1,0,3,0,0,2,16,0,1,1,0,0,0,0,1,2,0,0,0,0,0,0,0,0,0,0,5,1,0,0,0,1,0,0,0,2,2,0,0,0,0,0,0,0,0,0,0,0,0,2,0,0,0,0,0,0,0,0,0,0,0,0,0,0,0,0,0,0,0,0,0,0,0,0,0,0,0,0,0,0,0,0,0,0,0,0,0,0,0,0,0,0,0,0,0,0,0,0,0,0,0,0,0,0,1,0,0,0,0,0
00f6cb935df075494a1fd1ce5e918a7a.apk,1,1,1,0,1,0,1,0,0,0,0,1,1,0,1,0,1,0,1,0,0,0,0,0,1,1,0,1,0,0,0,0,1,1,0,0,0,1,0,0,1,1,0,0,1,1,1,0,0,0,1,0,1,0,0,0,0,0,0,0,1,0,0,1,1,0,0,1,0,1,0,0,0,1,0,0,0,0,0,17,386,230,49,52,1172,1039,2,384,31,0,12,6,52,111,200,146,319,718,135,137,135,774,164,22,112,178,1,0,5,0,4,7,0,0,0,153,0,1,165,48,42,16,0,0,0,0,0,0,128,4,61,25,20,8,0,0,0,3,0,0,0,1,0,0,0,53,0,4,51,7,2,5,2,7,0,5,1,0,2,12,0,0,4,0,0,0,0,0,0,4,0,6,0,5,0,0,0,0,0,0,220,10,0,0,0,0,0,1,2,0,0,0,0,0,0,0,0,0,0,0,0,0,0,0,0,0,0,0,6,0,0,0,0,0,2,0,0,0,0,0,0,0,0,2,0,0,0,0,0,0,0,0,0,3,0,0,0,0,0,0,0,0,0,1,0,0,0,0,0,0,0,0,0,0,0,0,0,0,0,0,0,0,0,0,0,0,0,0,0,0,0,0,1,0,0,0,0,0,0,0,0,0,0,0,0,0,0,0,0
5810c236c795c7236110fd32930de6d9.apk,0,1,0,0,0,0,0,0,0,0,0,0,0,0,1,0,0,0,0,0,0,0,0,0,1,1,0,1,0,0,0,0,0,0,0,0,0,0,0,0,1,1,0,0,1,0,0,0,0,0,1,0,0,0,0,0,0,0,0,0,1,0,0,1,1,0,0,1,0,1,0,0,0,0,0,0,0,0,0,1,81,56,15,28,246,263,0,92,16,0,2,3,16,30,47,60,75,178,9,6,9,160,25,26,17,75,3,2,6,3,3,9,0,1,1,58,1,4,68,7,22,10,0,0,0,0,0,0,0,5,67,14,11,3,0,0,0,0,0,0,0,0,0,0,0,4,0,0,11,0,2,6,2,2,0,1,5,0,0,8,1,1,1,0,0,0,0,0,0,0,0,0,0,2,0,0,0,0,0,3,21,5,0,0,0,0,0,0,0,0,0,0,0,0,0,0,0,0,0,0,0,0,0,0,0,0,1,0,0,0,0,0,0,0,0,0,0,0,0,0,0,0,0,1,0,0,0,0,0,0,0,0,0,0,0,0,0,0,0,0,0,0,0,0,0,0,0,0,0,0,0,0,0,0,0,0,0,0,1,0,0,0,0,0,0,0,0,0,0,0,0,0,0,0,0,0,0,0,0,0,0,0,0,0,0,0,0,0,0
456d061745137912b5c7972bb1883d68.apk,0,1,0,0,0,0,0,0,0,0,0,0,1,0,0,0,0,0,0,0,0,0,0,0,0,1,0,1,0,0,0,0,0,0,0,0,0,0,0,0,0,0,0,0,1,0,1,0,0,0,1,0,1,0,0,0,1,0,0,0,1,0,0,0,1,0,0,0,0,0,0,0,0,0,0,0,0,0,0,195,1754,1416,538,1614,5928,3519,192,2186,599,85,184,256,671,1271,767,1424,1020,1438,197,111,121,683,520,792,787,3447,39,15,63,3,119,235,1,2,40,2230,2,161,212,66,47,244,32,0,5,0,21,32,101,93,1257,354,602,36,2,1,0,14,0,41,30,0,3,0,21,126,153,17,40,32,4,290,366,38,5,84,41,0,77,256,25,25,0,7,1,7,8,8,0,17,10,45,33,20,4,52,25,2,2,0,387,9,38,84,11,1,9,4,1,1,0,10,9,32,125,0,19,6,0,0,0,1,0,0,2,0,110,0,8,0,2,0,1,1,15,3,0,2,5,3,1,1,0,4,0,11,0,3,6,0,0,0,4,1,2,2,1,2,0,0,1,0,0,4,0,0,0,0,0,0,0,0,0,1,0,0,0,0,3,4,1,1,0,0,0,0,0,0,0,0,0,0,0,0,0,0,0,0,0,0,0,0,0,0,0,0,0,0,0
28ec3aacbb81f7e0ca51e2374fccb09c.apk,0,1,0,0,0,0,0,0,0,0,0,0,0,0,1,0,0,0,0,0,0,0,0,0,1,1,0,1,0,0,0,0,0,0,0,0,0,0,0,0,1,1,0,0,1,0,0,0,0,0,1,0,0,0,0,0,0,0,0,0,1,0,0,1,1,0,0,1,0,1,0,0,0,0,0,0,0,0,0,4,227,67,25,40,343,375,3,207,9,0,2,3,18,29,153,97,275,55,18,197,19,240,31,38,22,98,4,2,6,3,3,9,0,1,1,73,1,4,73,9,82,9,184,0,0,0,103,184,2,5,84,12,16,9,0,0,0,0,0,0,0,1,0,0,1,17,0,0,11,4,2,6,2,2,0,1,6,0,0,9,1,1,1,0,0,0,0,0,0,0,0,0,0,2,0,0,0,0,0,3,83,11,0,0,0,0,0,0,0,0,0,0,0,0,0,0,1,0,0,0,0,0,0,0,0,0,1,0,0,0,0,0,0,0,0,0,0,0,0,0,0,0,0,1,0,0,0,0,0,0,0,0,0,0,0,0,0,0,0,0,2,0,0,0,0,0,0,0,0,0,0,0,0,0,0,0,0,0,1,0,0,0,0,0,0,0,0,0,0,0,0,0,0,0,0,0,0,0,0,0,0,0,0,0,0,0,0,0,0
03ef0dac1f97f15388bb873a417f6537.apk,0,0,0,0,0,0,0,0,0,0,0,0,0,0,0,0,0,0,0,0,0,0,0,0,0,0,0,0,0,0,0,0,0,0,0,0,0,0,0,0,0,0,0,0,1,0,0,0,0,0,1,0,0,0,0,0,0,0,0,0,1,0,0,0,0,0,0,0,0,0,0,0,0,0,0,0,0,0,0,27,29,26,7,6,46,30,2,18,1,1,2,2,1,5,8,9,14,16,6,1,1,1,7,3,4,5,0,0,1,0,0,0,0,0,0,3,0,4,0,0,1,4,0,0,0,0,0,0,0,6,2,5,1,0,0,0,0,0,0,0,0,0,0,0,0,0,1,0,1,0,0,0,0,0,4,0,0,0,0,1,0,0,0,0,0,0,0,0,0,0,0,0,0,0,2,0,0,0,0,0,0,0,1,2,0,0,0,0,0,0,0,0,0,0,0,0,0,0,0,0,0,0,0,0,0,0,0,0,0,0,0,0,0,0,0,0,0,0,0,0,0,0,0,0,0,0,0,0,0,0,0,0,0,0,0,0,0,0,0,0,0,0,0,0,0,0,0,0,0,0,0,0,0,0,0,0,0,0,0,0,0,0,0,0,0,0,0,0,0,0,0,0,0,0,0,0,0,0,0,0,0,0,0,0,0,0,0,0,0
0f52bf7d7b6cf39cbe438b141372e923.apk,0,1,0,0,0,0,0,0,0,0,0,0,0,0,0,0,0,0,0,0,0,0,0,0,0,0,0,1,0,0,0,0,0,1,0,0,0,0,0,0,0,0,0,0,0,0,0,0,0,0,1,0,0,0,0,0,1,0,0,0,1,0,0,0,0,0,0,1,0,0,0,0,0,0,0,0,0,0,0,179,55,44,14,9,115,81,4,30,1,1,0,6,1,17,13,24,30,60,13,3,1,0,9,13,21,54,4,1,3,2,2,3,1,2,2,9,1,3,0,0,0,7,0,0,0,0,0,0,4,4,17,8,1,5,1,1,1,6,1,1,2,1,4,0,1,1,0,0,0,0,0,0,0,0,0,0,0,0,0,0,0,0,0,0,0,0,0,0,0,0,0,0,0,0,0,1,0,0,0,0,0,0,0,0,0,0,0,0,0,0,0,0,0,0,0,0,0,0,0,0,0,0,0,0,0,0,0,0,0,0,0,0,0,0,0,0,0,0,0,0,0,0,0,0,0,0,0,0,0,0,0,0,0,0,0,0,0,0,0,0,0,0,0,0,0,0,0,0,0,0,0,0,0,0,0,0,0,0,0,0,0,0,0,0,0,0,0,0,0,0,0,0,0,0,0,0,0,0,0,0,0,0,0,0,0,0,0,0,0
2283b78067b8e8cc2d6c88994a703528.apk,0,1,0,0,0,0,0,0,0,0,0,0,1,0,0,0,0,0,0,0,0,0,0,0,0,1,0,1,0,0,0,0,0,0,0,0,0,0,0,0,0,0,0,0,1,0,1,0,0,0,1,0,1,0,0,0,1,0,0,0,1,0,0,0,1,0,0,0,0,0,0,0,0,0,0,0,0,0,0,196,1756,1416,538,1616,5933,3527,192,2193,601,85,184,256,674,1277,768,1425,1020,1442,199,111,121,683,522,794,787,3449,39,15,63,3,119,235,1,2,40,2233,2,161,212,66,47,244,32,0,5,0,21,32,102,93,1260,354,602,36,2,1,0,14,0,41,30,0,3,0,21,126,154,17,41,32,4,290,366,39,5,84,42,0,77,258,25,25,0,7,1,7,8,8,0,17,10,45,33,20,4,52,25,2,2,0,387,9,38,84,11,1,9,4,1,1,0,10,9,32,125,0,19,6,0,0,0,1,0,0,2,0,110,0,8,0,2,0,1,1,15,3,0,2,5,3,1,1,0,4,0,11,0,3,6,0,0,0,4,1,2,2,1,2,0,0,1,0,0,4,0,0,0,0,0,0,0,0,0,1,0,0,0,0,3,4,1,1,0,0,0,0,0,0,0,0,0,0,0,0,0,0,0,0,0,0,0,0,0,0,0,0,0,0,0
812a7218cfdaed1dba29b7d3b1b54f8b.apk,0,1,0,0,0,0,0,0,0,0,0,0,0,0,1,0,0,0,0,0,0,0,0,0,1,1,0,1,0,0,0,0,0,0,0,0,0,0,0,0,1,1,0,0,1,0,0,0,0,0,1,0,0,0,0,0,0,0,0,0,1,0,0,1,1,0,0,1,0,1,0,0,0,0,0,0,0,0,0,4,103,65,21,39,343,358,0,136,9,0,2,3,18,32,46,85,91,240,17,13,19,161,31,38,22,94,4,2,6,3,3,9,0,1,1,72,1,4,68,7,22,10,0,0,0,0,0,0,2,5,89,12,16,9,0,0,0,0,0,0,0,1,0,0,1,13,0,0,11,4,2,6,2,2,0,1,6,0,0,9,1,1,1,0,0,0,0,0,0,0,0,0,0,2,0,0,0,0,0,3,22,6,0,0,0,0,0,0,0,0,0,0,0,0,0,0,1,0,0,0,0,0,0,0,0,0,1,0,0,0,0,0,0,0,0,0,0,0,0,0,0,0,0,1,0,0,0,0,0,0,0,0,0,0,0,0,0,0,0,0,2,0,0,0,0,0,0,0,0,0,0,0,0,0,0,0,0,0,1,0,0,0,0,0,0,0,0,0,0,0,0,0,0,0,0,0,0,0,0,0,0,0,0,0,0,0,0,0,0
1b88ccb40cb03903680368f9bc9e5f6c.apk,0,1,1,0,0,0,0,0,0,0,0,0,0,0,0,0,1,0,1,0,0,1,1,1,0,0,0,1,0,0,0,0,0,0,0,0,0,0,0,1,1,1,0,0,1,0,1,0,0,0,1,1,1,0,0,0,1,0,0,0,1,0,0,0,1,0,0,1,0,1,1,0,0,0,0,0,0,0,0,53,2737,210,93,299,1304,712,66,530,14,1,7,53,216,168,449,243,2266,2937,278,67,101,0,51,54,94,277,8,0,135,0,237,21,0,0,114,468,0,2050,19,16,7,47,0,0,0,0,4,0,539,25,112,10,21,2,0,0,0,6,0,1,0,1,0,0,0,183,828,60,45,19,0,25,16,112,25,14,17,22,0,184,5,5,1,0,0,0,5,5,0,0,0,0,8,4,10,0,0,0,0,0,0,3,70,70,110,254,0,0,0,0,1,0,0,1,1,0,0,0,0,0,0,0,0,0,0,90,0,0,0,0,0,0,0,0,2,0,0,0,0,0,0,0,0,0,0,0,0,0,0,0,0,0,0,0,0,0,0,0,0,0,1,0,0,0,0,0,0,0,0,0,0,0,0,0,0,0,0,0,0,0,0,0,0,0,0,0,0,0,0,0,0,0,0,0,0,0,0,0,0,0,0,0,0,0,0,0,0,0,0
4bd33ba8957168dccbeadbbea45c6843.apk,0,1,1,0,0,0,0,0,0,0,0,0,0,0,0,1,0,0,0,0,0,0,0,0,0,1,0,1,0,0,0,1,0,1,0,0,0,0,0,0,0,1,0,1,1,0,0,0,0,0,0,0,0,0,0,0,0,0,1,0,0,0,0,0,1,0,0,1,0,0,0,0,0,0,1,0,0,0,0,92920,6250,7262,1286,5834,18823,10498,643,11785,4393,234,621,26283,2440,5510,2674,5261,3042,2714,500,600,341,9609,2093,2919,3034,14561,207,33,474,3,772,1261,0,1,111,10443,1,649,1872,628,454,576,169,8,9,13,100,169,354,842,2316,2149,3160,257,8,12,0,71,0,98,137,7,548,4,86,787,1084,89,108,200,40,1092,1283,196,44,432,194,2,529,995,131,131,5,8,26,98,71,71,39,545,254,289,383,242,141,286,97,26,56,51,7784,119,103,235,76,24,82,55,101,136,6,21,29,610,399,4,176,7,9,9,3,4,2,1,15,41,301,2,318,1,6,71,155,63,261,237,71,52,107,54,49,14,24,20,14,25,17,19,23,14,5,8,19,15,1,1,3,2,8,3,4,1,2,4,5,4,14,8,31,2,6,18,11,3,1,3,3,1,2,4,1,5,1,3,0,0,0,0,0,0,0,0,0,0,0,0,0,0,0,0,0,0,0,0,0,0,0,0,0
0f3ae8be97f2089d7173bc4e60f46fb9.apk,0,1,0,0,0,0,0,0,0,0,0,0,0,0,1,0,0,0,0,0,0,0,0,0,0,1,0,1,0,0,0,0,0,0,0,0,0,0,0,0,0,1,0,0,1,0,0,0,0,0,1,0,0,0,0,0,0,0,0,0,0,0,0,0,1,0,0,1,0,0,0,0,0,0,0,0,0,0,0,2309,7690,6385,2282,3571,14902,17893,2344,7051,1673,103,273,830,1731,3452,901,12851,3882,9218,877,385,534,1373,1660,3388,2399,7928,274,68,219,84,430,756,0,66,39,4738,35,1011,294,968,102,213,16,21,5,17,64,16,3628,301,3383,871,1691,160,13,3,0,19,0,76,106,10,22,4,45,396,173,43,224,101,25,675,681,103,50,189,268,3,114,588,83,83,10,6,17,40,25,25,11,238,108,126,92,96,132,130,44,21,63,44,967,39,258,539,77,26,63,58,19,24,3,11,19,67,134,4,71,3,7,20,3,6,2,4,9,4,155,1,12,1,8,60,60,38,139,100,36,60,16,17,12,13,13,2,15,11,6,14,8,3,1,2,5,3,0,0,2,0,0,0,2,2,1,0,1,1,2,5,0,0,1,0,0,0,0,2,3,1,0,0,0,0,0,0,0,0,0,0,2,0,0,0,0,0,25,0,3,0,1,0,0,0,0,0,0,1,2,0,0
66461af2d3c3b018adef6dc451e59802.apk,0,1,1,0,0,0,0,0,0,0,0,0,0,0,0,1,0,0,0,0,0,0,0,0,0,1,0,1,0,0,0,1,0,1,0,0,0,0,0,0,0,1,0,1,1,0,0,0,0,0,0,0,0,0,0,0,0,0,1,0,0,0,0,0,1,0,0,1,0,0,0,0,0,0,1,0,0,0,0,92920,6250,7262,1286,5834,18823,10498,643,11786,4393,234,621,26283,2440,5510,2672,5261,3042,2714,500,600,341,9609,2093,2919,3034,14561,207,32,474,3,772,1261,0,1,111,10443,1,649,1872,628,454,576,169,8,9,13,100,169,354,842,2316,2149,3160,257,8,12,0,71,0,98,137,7,548,4,86,787,1084,89,108,200,40,1092,1283,196,44,432,194,2,529,995,131,131,5,8,26,98,71,71,39,545,254,289,383,242,141,286,97,26,56,51,7784,119,103,235,76,24,82,55,101,136,6,21,29,610,399,4,176,7,9,9,3,4,2,1,15,41,301,2,318,1,6,71,155,63,261,237,71,52,107,54,49,14,24,20,14,25,17,19,23,14,5,8,19,15,1,1,3,2,8,3,4,1,2,4,5,4,14,8,31,2,6,18,11,3,1,3,3,1,2,4,1,5,1,3,0,0,0,0,0,0,0,0,0,0,0,0,0,0,0,0,0,0,0,0,0,0,0,0,0
ad24048dcb0acf80b1daeecd7274bdb1.apk,0,0,0,0,0,0,0,0,0,0,0,0,0,0,0,0,0,0,0,0,0,0,0,0,0,0,0,0,0,0,0,0,0,0,0,0,0,0,0,0,0,0,0,0,0,0,0,0,0,0,0,0,0,0,0,0,0,0,0,0,0,0,0,0,0,0,0,0,0,0,0,0,0,0,0,0,0,0,0,42,71,41,10,21,114,57,2,38,17,0,6,8,5,52,9,27,50,28,53,8,0,0,7,17,9,18,2,3,1,0,5,7,0,0,0,15,0,19,0,0,0,5,0,4,5,1,0,0,0,2,2,14,1,0,0,0,0,0,0,0,0,0,0,0,0,1,0,0,0,0,0,3,1,0,0,2,0,0,0,10,0,0,0,0,0,0,0,0,0,0,0,0,1,1,0,0,2,0,4,2,0,0,0,0,0,0,0,0,0,0,0,0,0,0,0,0,0,0,0,0,0,0,0,0,0,0,0,0,0,0,1,0,0,0,0,0,0,0,0,0,0,0,0,0,0,0,0,0,0,2,0,0,0,0,0,0,0,3,0,0,0,0,0,0,0,0,0,0,0,0,0,0,0,0,0,0,0,0,0,0,0,0,0,0,0,0,0,0,0,1,0,0,0,0,0,0,0,0,0,0,0,7,1,0,0,0,0,0,0
3ac34928fdc36c9f3e4dca61ab75c691.apk,0,0,0,0,0,0,0,0,0,0,0,0,0,0,0,0,0,0,0,0,0,0,0,0,0,0,0,0,0,0,0,0,0,0,0,0,0,0,0,0,0,0,0,0,1,0,0,0,0,0,1,0,0,0,0,0,0,0,0,0,1,0,0,0,0,0,0,0,0,0,0,0,0,0,0,0,0,0,0,27,29,26,7,6,46,30,2,18,1,1,2,2,1,5,8,9,14,16,6,1,1,1,7,3,4,5,0,0,1,0,0,0,0,0,0,3,0,4,0,0,1,4,0,0,0,0,0,0,0,6,2,5,1,0,0,0,0,0,0,0,0,0,0,0,0,0,1,0,1,0,0,0,0,0,4,0,0,0,0,1,0,0,0,0,0,0,0,0,0,0,0,0,0,0,2,0,0,0,0,0,0,0,1,2,0,0,0,0,0,0,0,0,0,0,0,0,0,0,0,0,0,0,0,0,0,0,0,0,0,0,0,0,0,0,0,0,0,0,0,0,0,0,0,0,0,0,0,0,0,0,0,0,0,0,0,0,0,0,0,0,0,0,0,0,0,0,0,0,0,0,0,0,0,0,0,0,0,0,0,0,0,0,0,0,0,0,0,0,0,0,0,0,0,0,0,0,0,0,0,0,0,0,0,0,0,0,0,0,0
8ce42ae8f1206130aeadaa7cad062aca.apk,0,1,1,0,0,0,0,0,0,0,0,0,0,0,0,1,0,0,0,0,0,0,0,0,0,1,0,1,0,0,0,1,0,1,0,0,0,0,0,0,0,1,0,1,1,0,0,0,0,0,0,0,0,0,0,0,0,0,1,0,0,0,0,0,1,0,0,1,0,0,0,0,0,0,1,0,0,0,0,92920,6250,7262,1286,5834,18823,10498,643,11787,4393,234,621,26283,2440,5510,2672,5261,3042,2714,500,600,341,9609,2093,2919,3034,14561,207,33,474,3,772,1261,0,1,111,10443,1,649,1872,628,454,576,169,8,9,13,100,169,354,842,2316,2149,3160,257,8,12,0,71,0,98,137,7,548,4,86,787,1084,89,108,200,40,1092,1283,196,44,432,194,2,529,995,131,131,5,8,26,98,71,71,39,545,254,289,383,242,141,286,97,26,56,51,7784,119,103,235,76,24,82,55,101,136,6,21,29,610,399,4,176,7,9,9,3,4,2,1,15,41,301,2,318,1,6,71,155,63,261,237,71,52,107,54,49,14,24,20,14,25,17,19,23,14,5,8,19,15,1,1,3,2,8,3,4,1,2,4,5,4,14,8,31,2,6,18,11,3,1,3,3,1,2,4,1,5,1,3,0,0,0,0,0,0,0,0,0,0,0,0,0,0,0,0,0,0,0,0,0,0,0,0,0
1c53e2c34d1219a2fae8fcf8ec872ac8.apk,0,1,0,0,0,0,0,0,0,0,0,0,0,0,1,0,0,0,0,0,0,0,0,0,1,1,0,1,0,0,0,0,0,0,0,0,0,0,0,0,1,1,0,0,1,1,0,0,0,0,1,0,0,0,0,0,0,0,0,0,1,0,0,1,1,0,0,1,0,1,0,0,0,1,0,0,0,0,0,37,256,178,21,36,880,560,2,147,9,0,10,21,48,47,59,81,175,423,40,23,15,0,158,13,88,114,1,0,2,0,4,6,0,0,0,147,0,1,5,0,3,9,0,0,0,0,0,0,118,2,66,13,16,5,0,0,0,3,0,0,0,3,0,0,0,24,0,2,21,1,2,5,1,7,0,8,1,0,0,12,0,0,3,0,0,0,0,0,0,0,0,0,0,2,0,0,0,0,0,0,0,0,0,0,0,0,0,0,0,0,0,0,0,0,0,0,0,0,0,0,0,0,0,0,0,0,0,0,0,0,0,0,0,0,0,0,0,0,0,0,0,0,0,0,0,0,0,0,0,0,0,0,0,0,0,0,0,0,1,1,0,0,0,0,0,0,0,0,0,0,0,0,0,0,0,0,0,0,0,0,0,0,0,0,0,0,0,0,0,0,0,0,0,0,0,0,0,0,0,0,0,0,0,0,0,0,0,0,0
a063292d8667cf3d83ff9365dfb8650a.apk,0,0,0,0,0,0,0,0,0,0,0,0,0,0,0,0,0,0,0,0,0,0,0,0,0,0,0,0,0,0,0,0,0,0,0,0,0,0,0,0,0,0,0,0,0,0,0,0,0,0,0,0,0,0,0,0,0,0,0,0,0,0,0,0,0,0,0,0,0,0,0,0,0,0,0,0,0,0,0,42,71,41,10,21,114,57,2,38,17,0,6,8,5,52,9,27,50,28,53,8,0,0,7,17,9,18,2,3,1,0,5,7,0,0,0,15,0,19,0,0,0,5,0,4,5,1,0,0,0,2,2,14,1,0,0,0,0,0,0,0,0,0,0,0,0,1,0,0,0,0,0,3,1,0,0,2,0,0,0,10,0,0,0,0,0,0,0,0,0,0,0,0,1,1,0,0,2,0,4,2,0,0,0,0,0,0,0,0,0,0,0,0,0,0,0,0,0,0,0,0,0,0,0,0,0,0,0,0,0,0,1,0,0,0,0,0,0,0,0,0,0,0,0,0,0,0,0,0,0,2,0,0,0,0,0,0,0,3,0,0,0,0,0,0,0,0,0,0,0,0,0,0,0,0,0,0,0,0,0,0,0,0,0,0,0,0,0,0,0,1,0,0,0,0,0,0,0,0,0,0,0,7,1,0,0,0,0,0,0
037dd7097890e10e661b10d52db2241b.apk,0,1,1,0,0,0,0,0,0,0,0,0,0,0,0,0,1,0,1,0,0,0,0,0,0,1,0,1,0,0,0,0,0,0,0,0,0,0,0,0,1,0,0,0,1,0,1,0,0,0,1,0,1,0,0,0,1,0,0,0,1,0,0,0,1,0,1,0,0,0,1,0,1,0,0,0,0,0,0,12,72,81,329,76,1012,1895,22,2013,20,0,5,35,31,95,74,1379,19,34,106,917,941,71,72,31,62,175,12,0,12,13,18,20,0,7,0,75,2,9,0,13,3,12,1,0,0,0,2,1,950,6,33,11,9,7,0,0,0,1,0,5,10,0,5,0,7,62,17,4,22,15,3,7,5,2,15,7,29,0,5,17,1,1,1,0,0,0,0,0,0,0,0,0,0,1,4,4,0,0,0,4,9,0,0,0,2,14,1,0,0,0,0,0,0,0,0,0,0,0,1,0,0,0,0,0,0,0,2,0,2,0,1,0,0,0,0,0,0,0,0,0,0,0,0,0,0,0,0,0,0,0,0,1,5,0,0,0,1,0,0,0,0,7,3,0,0,0,0,0,0,0,0,0,0,0,0,0,0,0,1,0,0,0,0,0,0,0,0,0,0,0,0,0,0,0,0,0,0,0,0,0,0,0,0,0,0,0,0,0,0
09eb9b6b2daa7df06261bdc7a2094271.apk,0,1,0,0,0,0,0,0,0,0,0,0,0,0,1,0,0,0,0,0,0,0,0,0,1,1,0,1,0,0,0,0,0,0,0,0,0,0,0,0,1,1,0,0,1,1,0,0,0,0,1,0,0,0,0,0,0,0,0,0,1,0,0,1,1,0,0,1,0,1,0,0,0,1,0,0,0,0,0,68,758,384,90,84,2396,1892,4,792,50,0,20,40,100,190,118,328,578,1322,234,260,262,0,314,32,198,304,2,0,4,0,8,12,0,0,0,272,0,2,12,0,2,18,0,0,0,0,0,0,238,4,122,32,32,8,0,0,0,6,0,0,0,6,4,0,0,106,0,4,88,10,4,10,2,14,0,10,2,0,0,24,0,0,6,0,0,0,0,0,0,0,0,12,0,2,0,0,0,0,0,0,0,0,0,0,0,0,0,0,0,0,0,0,0,0,0,0,0,0,0,0,0,0,0,0,0,0,0,0,0,0,0,0,0,0,0,0,0,0,0,0,0,0,0,2,0,0,0,0,0,0,0,0,0,0,0,0,0,0,2,0,0,0,0,2,0,0,0,0,0,0,0,0,0,0,0,0,0,0,0,0,0,0,0,0,0,0,0,0,0,0,0,0,0,0,0,0,0,0,0,0,0,0,0,0,0,0,0,0,0
762138e933a681628ceab29d8e5a96a2.apk,0,1,1,0,0,0,0,0,0,0,0,0,0,0,0,1,0,0,0,0,0,0,0,0,0,1,0,1,0,0,0,1,0,1,0,0,0,0,0,0,0,1,0,1,1,0,0,0,0,0,0,0,0,0,0,0,0,0,1,0,0,0,0,0,1,0,0,1,0,0,0,0,0,0,1,0,0,0,0,92907,6249,7259,1286,5834,18802,10486,643,11781,4393,234,621,26283,2440,5510,2673,5267,3044,2713,503,600,341,9609,2093,2919,3031,14554,207,32,474,3,772,1260,0,1,111,10442,1,652,1872,628,454,576,169,8,9,13,100,169,352,839,2316,2149,3160,256,7,12,0,71,0,98,137,7,548,4,86,787,1084,89,108,200,40,1092,1283,196,44,432,194,2,528,995,131,131,5,8,26,98,71,71,39,545,254,289,383,242,141,286,97,26,56,51,7784,119,103,235,76,24,82,55,101,136,6,21,29,610,399,4,176,7,9,9,3,4,2,1,14,41,301,2,318,1,6,71,155,63,261,237,71,52,107,54,49,13,24,20,14,25,17,19,23,14,5,8,19,15,1,1,3,2,8,3,4,1,2,4,5,4,14,8,31,2,6,18,11,3,1,3,3,1,2,4,1,5,1,3,0,0,0,0,0,0,0,0,0,0,0,0,0,0,0,0,0,0,0,0,0,0,0,0,0
a2603254188da3d67e4da5452e0304a9.apk,0,1,0,0,0,0,0,0,0,0,0,0,1,0,0,0,0,0,0,0,0,0,0,0,0,1,0,1,0,0,0,0,0,0,0,0,0,0,0,0,0,0,0,0,1,0,1,0,0,0,1,0,1,0,0,0,1,0,0,0,1,0,0,0,1,0,0,0,0,0,0,0,0,0,0,0,0,0,0,196,1756,1416,538,1616,5933,3527,192,2193,601,85,184,256,674,1277,769,1425,1020,1442,199,111,121,683,522,794,787,3449,39,15,63,3,119,235,1,2,40,2233,2,161,212,66,47,244,32,0,5,0,21,32,101,93,1260,354,602,36,2,1,0,14,0,41,30,0,3,0,21,126,154,17,41,32,4,290,366,39,5,84,42,0,77,258,25,25,0,7,1,7,8,8,0,17,10,45,33,20,4,52,25,2,2,0,387,9,38,84,11,1,9,4,1,1,0,10,9,32,125,0,19,6,0,0,0,1,0,0,2,0,110,0,8,0,2,0,1,1,15,3,0,2,5,3,1,1,0,4,0,11,0,3,6,0,0,0,4,1,2,2,1,2,0,0,1,0,0,4,0,0,0,0,0,0,0,0,0,1,0,0,0,0,3,4,1,1,0,0,0,0,0,0,0,0,0,0,0,0,0,0,0,0,0,0,0,0,0,0,0,0,0,0,0
d0d765731a30dc7d68ab339d144e946f.apk,0,0,0,0,0,0,0,0,0,0,0,0,0,0,0,0,0,0,0,0,0,0,0,0,0,0,0,0,0,0,0,0,0,0,0,0,0,0,0,0,0,0,0,0,0,0,0,0,0,0,0,0,0,0,0,0,0,0,1,0,0,0,0,0,0,0,0,0,0,0,0,0,0,0,0,0,0,0,0,166,1910,2128,542,1458,5637,2839,206,2284,1244,51,131,324,646,1400,433,1506,1034,1173,138,124,110,944,597,968,805,3558,105,14,144,1,246,452,0,1,20,2346,0,241,226,76,49,139,8,5,1,9,38,8,73,221,699,583,1006,49,0,0,0,11,0,22,33,4,6,4,23,128,106,21,29,42,13,416,472,59,11,128,79,2,44,228,47,47,1,6,17,40,22,22,8,214,87,53,52,58,79,100,23,6,40,20,799,15,47,111,48,13,20,52,15,21,1,11,19,50,119,4,48,2,3,11,3,2,2,1,1,3,140,1,6,1,3,40,55,28,120,96,30,52,15,5,2,2,4,2,15,2,6,10,8,3,0,2,1,3,0,0,0,1,0,0,0,0,0,0,0,0,0,1,0,0,0,0,0,0,0,0,0,0,0,0,0,0,0,0,0,0,0,0,0,0,0,0,0,0,0,0,0,0,0,0,0,0,0,0,0,0,0,0,0
7c9d7f4a6f7d8b4d4627f15867ca9d1c.apk,0,1,0,0,0,0,0,0,0,0,0,0,0,0,1,0,0,0,0,0,0,0,0,0,0,1,0,1,0,0,0,0,0,0,0,0,0,0,0,0,1,1,0,0,1,0,0,0,0,0,1,0,0,0,0,0,0,0,0,0,1,0,0,0,1,0,0,1,0,1,0,0,0,0,0,0,0,0,0,123,835,633,98,798,3338,1710,61,1032,696,20,75,640,374,693,129,767,500,812,58,59,44,156,314,216,369,1817,31,8,48,0,161,293,1,0,10,1200,0,95,53,8,14,83,2,3,1,0,20,2,79,96,185,230,295,10,0,0,0,1,0,0,0,0,0,0,0,122,25,12,24,16,10,231,274,40,3,76,66,1,64,138,21,21,2,3,7,27,10,10,2,126,50,18,31,42,62,62,23,6,33,9,27,4,10,24,23,5,3,11,21,20,0,0,0,47,16,0,21,0,3,0,0,0,0,0,0,2,64,0,0,0,0,8,54,5,72,51,12,23,9,4,2,2,4,1,1,0,0,3,2,2,1,0,0,0,0,0,0,0,0,0,0,0,0,0,0,0,0,0,0,0,0,0,0,0,0,0,0,0,0,0,0,0,0,0,0,0,0,0,0,0,0,0,0,0,0,0,0,0,0,0,0,0,0,0,0,0,0,0,0
3c3acd059acf29b49519c09e7a01b3c6.apk,0,1,0,0,0,0,0,0,0,0,0,0,0,0,0,0,0,0,0,0,0,0,0,0,0,1,0,1,0,0,0,0,0,0,0,0,0,0,0,0,0,1,0,0,1,0,0,0,0,0,1,0,0,0,0,0,0,0,0,0,0,0,0,0,1,0,0,1,0,0,0,0,0,0,0,0,0,0,0,3498,6801,5571,2280,3564,14871,19046,3534,7781,1673,103,273,828,1730,3444,899,13825,3877,9234,877,384,535,1377,1656,3593,2391,7908,274,68,219,84,430,756,0,66,39,4731,35,1011,295,1248,102,247,16,21,5,17,64,16,3670,301,3382,871,1691,160,13,3,0,19,0,76,106,10,22,4,45,400,173,43,224,100,25,675,681,103,50,189,266,3,114,586,83,83,10,6,17,40,25,25,11,238,108,126,92,96,132,130,44,21,63,44,967,39,258,539,77,26,63,58,19,24,3,11,19,67,134,4,71,3,7,20,3,6,2,4,9,4,155,1,12,1,8,60,60,38,139,100,36,60,16,17,12,13,13,2,15,11,6,14,8,3,1,2,5,3,0,0,2,0,0,0,2,2,1,0,1,1,2,5,0,0,1,0,0,0,0,2,3,1,0,0,0,0,0,0,0,0,0,0,2,0,0,0,0,0,25,0,3,0,1,0,0,0,0,0,0,1,2,0,0
217ee4263881095922de50e6fde1746e.apk,0,0,0,0,0,0,0,0,0,0,0,0,0,0,0,0,0,0,0,0,0,0,0,0,0,0,0,1,0,0,0,0,0,0,0,0,0,0,0,0,0,0,0,0,1,0,0,0,0,0,1,0,0,0,0,0,0,0,0,0,1,0,0,0,0,0,0,0,0,0,0,0,0,0,0,0,0,0,0,444,3830,4319,748,3467,11458,5716,321,4981,2407,151,336,645,1409,2904,990,2957,1881,1676,294,297,172,2309,1306,1881,1847,8200,126,21,252,1,411,670,0,1,79,4924,1,409,475,142,124,363,53,5,5,9,72,53,217,419,1491,1204,1923,120,0,3,0,26,0,76,89,4,14,4,38,241,528,37,63,86,18,734,843,89,17,224,95,2,256,496,81,81,1,14,20,51,37,37,17,311,129,123,162,121,90,166,58,11,45,27,1589,23,78,180,59,15,52,69,21,28,1,21,29,118,293,4,80,8,5,11,3,4,2,1,7,4,318,1,22,1,3,60,71,42,167,136,42,71,39,25,6,8,14,9,17,20,8,26,13,3,1,2,2,4,0,0,0,1,0,0,0,0,0,4,1,1,1,2,0,0,1,3,0,2,0,0,2,0,3,4,1,1,0,0,0,0,0,0,0,0,0,0,0,0,0,0,0,0,0,0,0,0,0,0,0,0,0,0,0
008aafc94cfdc5e41d8f5fa41abe23ac.apk,0,1,0,0,0,0,0,0,0,0,0,0,0,0,0,0,0,0,0,0,0,0,0,0,0,0,0,1,0,0,0,0,0,1,0,0,0,0,0,0,0,0,0,0,0,0,0,0,0,0,1,0,0,0,0,0,1,0,0,0,1,0,0,0,0,0,0,1,0,0,0,0,0,0,0,0,0,0,0,445,56,37,2,7,93,92,1,37,1,1,1,32,5,25,13,20,32,50,16,3,1,19,10,12,23,54,4,1,4,2,3,3,1,2,2,14,1,4,0,0,0,5,0,0,0,0,0,0,7,4,17,8,1,5,1,0,1,5,0,1,2,1,4,0,1,1,1,0,1,0,0,0,0,0,2,0,0,0,0,0,0,0,0,0,0,0,0,0,0,0,0,0,0,0,1,0,0,0,0,0,0,0,1,2,0,0,0,0,0,0,0,0,0,0,0,0,0,0,0,0,0,0,0,0,0,0,0,0,0,0,0,0,0,0,0,0,0,0,0,0,0,1,0,0,0,0,0,0,0,0,0,0,0,0,0,0,0,0,0,0,0,0,0,0,0,0,0,0,0,0,0,0,0,0,0,0,0,0,0,0,0,0,0,0,0,0,0,0,0,0,0,0,0,0,0,0,0,0,0,0,0,0,0,0,0,0,0,0,0
62271d750449e39024b0db039a53dc98.apk,0,1,0,0,0,0,0,0,0,0,0,0,1,0,0,0,0,0,0,0,0,0,0,0,0,1,0,1,0,0,0,0,0,0,0,0,0,0,0,0,0,0,0,0,1,0,1,0,0,0,1,0,1,0,0,0,1,0,0,0,1,0,0,0,1,0,0,0,0,0,0,0,0,0,0,0,0,0,0,195,1754,1416,538,1614,5928,3519,192,2186,599,85,184,256,671,1271,767,1424,1020,1438,197,111,121,683,520,792,787,3447,39,15,63,3,119,235,1,2,40,2230,2,161,212,66,47,244,32,0,5,0,21,32,101,93,1257,354,602,36,2,1,0,14,0,41,30,0,3,0,21,126,153,17,40,32,4,290,366,38,5,84,41,0,77,256,25,25,0,7,1,7,8,8,0,17,10,45,33,20,4,52,25,2,2,0,387,9,38,84,11,1,9,4,1,1,0,10,9,32,125,0,19,6,0,0,0,1,0,0,2,0,110,0,8,0,2,0,1,1,15,3,0,2,5,3,1,1,0,4,0,11,0,3,6,0,0,0,4,1,2,2,1,2,0,0,1,0,0,4,0,0,0,0,0,0,0,0,0,1,0,0,0,0,3,4,1,1,0,0,0,0,0,0,0,0,0,0,0,0,0,0,0,0,0,0,0,0,0,0,0,0,0,0,0
d335f22545505783e473b42259253d36.apk,0,0,0,0,0,0,0,0,0,0,0,0,0,0,0,0,0,0,0,0,0,0,0,0,0,0,0,0,0,0,0,0,0,0,0,0,0,0,0,0,0,0,0,0,0,0,0,0,0,0,0,0,0,0,0,0,0,0,0,0,0,0,0,0,0,0,0,0,0,0,0,0,0,0,0,0,0,0,0,42,71,41,10,21,114,57,2,38,17,0,6,8,5,52,9,27,50,28,53,8,0,0,7,17,9,18,2,3,1,0,5,7,0,0,0,15,0,19,0,0,0,5,0,4,5,1,0,0,0,2,2,14,1,0,0,0,0,0,0,0,0,0,0,0,0,1,0,0,0,0,0,3,1,0,0,2,0,0,0,10,0,0,0,0,0,0,0,0,0,0,0,0,1,1,0,0,2,0,4,2,0,0,0,0,0,0,0,0,0,0,0,0,0,0,0,0,0,0,0,0,0,0,0,0,0,0,0,0,0,0,1,0,0,0,0,0,0,0,0,0,0,0,0,0,0,0,0,0,0,2,0,0,0,0,0,0,0,3,0,0,0,0,0,0,0,0,0,0,0,0,0,0,0,0,0,0,0,0,0,0,0,0,0,0,0,0,0,0,0,1,0,0,0,0,0,0,0,0,0,0,0,7,1,0,0,0,0,0,0
12c2978db3aa04ad7e5ea2b98c56ba00.apk,0,1,0,0,0,0,0,0,0,0,0,0,0,0,1,0,0,0,0,0,0,0,0,0,1,1,0,1,0,0,0,0,0,0,0,0,0,0,0,0,1,1,0,0,1,1,0,0,0,0,1,0,0,0,0,0,0,0,0,0,1,0,0,1,1,0,0,1,0,1,0,0,0,1,0,0,0,0,0,34,379,192,45,42,1198,946,2,396,25,0,10,20,50,95,59,164,289,661,117,130,131,0,157,16,99,152,1,0,2,0,4,6,0,0,0,136,0,1,6,0,1,9,0,0,0,0,0,0,119,2,61,16,16,4,0,0,0,3,0,0,0,3,2,0,0,53,0,2,44,5,2,5,1,7,0,5,1,0,0,12,0,0,3,0,0,0,0,0,0,0,0,6,0,1,0,0,0,0,0,0,0,0,0,0,0,0,0,0,0,0,0,0,0,0,0,0,0,0,0,0,0,0,0,0,0,0,0,0,0,0,0,0,0,0,0,0,0,0,0,0,0,0,0,1,0,0,0,0,0,0,0,0,0,0,0,0,0,0,1,0,0,0,0,1,0,0,0,0,0,0,0,0,0,0,0,0,0,0,0,0,0,0,0,0,0,0,0,0,0,0,0,0,0,0,0,0,0,0,0,0,0,0,0,0,0,0,0,0,0
0b2f0c2ddf4a6a1101036286d75709f8.apk,0,1,0,0,0,0,0,0,0,0,0,0,0,0,0,0,0,0,0,0,0,0,0,0,0,0,0,1,0,0,0,0,0,1,0,0,0,0,0,0,0,0,0,0,0,0,0,0,0,0,1,0,0,0,0,0,1,0,0,0,1,0,0,1,0,0,0,1,0,0,0,0,0,0,0,0,0,0,0,596,61,46,14,7,133,151,4,47,1,3,1,44,3,23,28,32,40,75,15,6,1,68,15,17,21,48,5,2,5,3,2,6,1,2,2,13,1,3,13,3,6,7,1,1,2,2,1,1,8,4,15,8,1,4,1,1,1,9,1,1,2,1,4,4,1,1,0,0,0,0,0,0,0,0,0,0,0,0,0,0,0,0,0,0,0,0,0,0,0,0,0,0,0,0,0,0,0,0,0,0,0,0,0,0,0,0,0,0,0,0,0,0,0,0,0,0,0,0,0,0,0,0,0,0,0,0,0,0,0,0,0,0,0,0,0,0,0,0,0,0,0,0,0,0,0,0,0,0,0,0,0,0,0,0,0,0,0,0,0,0,0,0,0,0,0,0,0,0,0,0,0,0,0,0,0,0,0,0,0,0,0,0,0,0,0,0,0,0,0,0,0,0,0,0,0,0,0,0,0,0,0,0,0,0,0,0,0,0,0
0835840a0dd592d5bb4dbb24c4b5bd0c.apk,1,1,1,0,1,0,1,0,0,0,0,1,1,0,1,0,1,0,1,0,0,0,0,0,1,1,0,1,0,0,0,0,1,1,0,0,0,1,0,0,1,1,0,0,1,1,1,0,0,0,1,0,1,0,0,0,0,0,0,0,1,0,0,1,1,0,0,1,0,1,0,0,0,1,0,0,0,0,0,17,386,230,49,52,1172,1039,2,384,31,0,12,6,52,111,200,146,319,718,135,137,135,774,164,22,112,178,1,0,5,0,4,7,0,0,0,153,0,1,165,48,42,16,0,0,0,0,0,0,128,4,61,25,20,8,0,0,0,3,0,0,0,1,0,0,0,53,0,4,51,7,2,5,2,7,0,5,1,0,2,12,0,0,4,0,0,0,0,0,0,4,0,6,0,5,0,0,0,0,0,0,220,10,0,0,0,0,0,1,2,0,0,0,0,0,0,0,0,0,0,0,0,0,0,0,0,0,0,0,6,0,0,0,0,0,2,0,0,0,0,0,0,0,0,2,0,0,0,0,0,0,0,0,0,3,0,0,0,0,0,0,0,0,0,1,0,0,0,0,0,0,0,0,0,0,0,0,0,0,0,0,0,0,0,0,0,0,0,0,0,0,0,0,1,0,0,0,0,0,0,0,0,0,0,0,0,0,0,0,0
08fc87495bb335263373d85df13403ab.apk,0,1,0,0,0,0,0,0,0,0,0,0,1,1,0,0,0,0,0,0,1,0,0,0,0,1,1,1,0,0,0,0,0,0,0,0,0,0,0,0,1,0,0,0,1,0,1,0,0,0,1,0,1,0,0,0,1,0,0,0,1,0,0,0,0,0,0,1,0,0,0,0,0,0,0,0,0,0,0,152,839,656,223,974,3558,1699,134,1123,702,21,82,684,385,847,171,805,539,748,61,119,49,182,295,276,389,1850,33,8,63,2,191,329,0,2,10,1336,2,94,73,8,23,82,60,3,1,0,43,60,23,99,240,255,313,26,0,0,0,4,0,15,18,4,0,0,2,117,43,13,21,14,8,229,278,36,5,81,38,4,68,162,22,22,0,3,7,27,12,12,2,132,51,22,32,46,63,65,23,6,33,9,48,2,10,24,22,5,7,11,22,21,0,0,0,47,20,0,21,0,3,0,0,0,0,0,0,2,67,0,0,0,0,8,56,5,77,51,13,24,10,4,2,2,4,1,1,0,0,3,2,2,0,0,0,0,0,0,0,0,0,0,2,2,1,0,0,0,0,0,0,0,0,0,0,0,0,0,0,0,0,0,0,0,0,0,0,0,0,0,0,0,0,0,0,0,0,0,0,0,0,0,0,0,0,0,0,0,0,0,0
a581038a69cfa035ab45244c92b61fe0.apk,0,0,0,0,0,0,0,0,0,0,0,0,0,0,0,0,0,0,0,0,0,0,0,0,0,0,0,0,0,0,0,0,0,0,0,0,0,0,0,0,0,0,0,0,0,0,0,0,0,0,0,0,0,0,0,0,0,0,0,0,0,0,0,0,0,0,0,0,0,0,0,0,0,0,0,0,0,0,0,42,71,41,10,21,114,57,2,38,17,0,6,8,5,52,9,27,50,28,53,8,0,0,7,17,9,18,2,3,1,0,5,7,0,0,0,15,0,19,0,0,0,5,0,4,5,1,0,0,0,2,2,14,1,0,0,0,0,0,0,0,0,0,0,0,0,1,0,0,0,0,0,3,1,0,0,2,0,0,0,10,0,0,0,0,0,0,0,0,0,0,0,0,1,1,0,0,2,0,4,2,0,0,0,0,0,0,0,0,0,0,0,0,0,0,0,0,0,0,0,0,0,0,0,0,0,0,0,0,0,0,1,0,0,0,0,0,0,0,0,0,0,0,0,0,0,0,0,0,0,2,0,0,0,0,0,0,0,3,0,0,0,0,0,0,0,0,0,0,0,0,0,0,0,0,0,0,0,0,0,0,0,0,0,0,0,0,0,0,0,1,0,0,0,0,0,0,0,0,0,0,0,7,1,0,0,0,0,0,0
71b71397622bf9e0b97fdeaec3771b18.apk,0,1,1,0,0,0,0,1,0,0,0,0,0,0,0,0,1,0,1,0,0,1,0,0,0,1,0,1,0,0,0,0,0,0,0,0,0,0,0,1,1,0,0,0,1,0,1,0,0,0,1,0,1,0,0,0,1,0,0,0,1,0,1,0,1,0,0,1,0,1,1,0,0,1,0,0,0,0,1,91,159,69,18,764,237,121,4,2178,967,0,276,1203,36,445,662,421,59,304,43,291,46,468,17,18,237,751,586,110,2,13,7,792,485,10,0,434,5,5,15,1,28,1,93,0,0,0,41,93,43,0,0,361,11,1,0,0,0,0,0,0,0,0,0,0,0,942,0,0,10,1,0,140,543,4,0,256,14,54,835,356,1,1,0,0,0,0,20,20,0,0,0,1,212,0,0,1,0,0,0,4,10,0,0,0,15,0,0,0,0,0,0,0,0,399,29,0,0,0,1,0,0,0,0,0,0,73,159,0,0,0,0,0,0,0,0,0,0,0,1,0,0,0,0,0,0,0,0,0,3,0,87,0,0,0,0,0,0,102,0,0,0,0,0,0,0,0,0,0,0,0,0,0,0,0,0,0,0,0,1,0,0,0,0,0,0,0,0,0,0,0,0,0,0,0,0,0,0,0,0,0,0,0,0,0,0,0,0,0,0
25675b6dfed1491e0e5b411826fe8772.apk,0,1,1,0,0,0,0,0,0,0,0,0,0,0,0,1,0,0,0,0,0,0,0,0,0,1,0,1,0,0,0,1,0,1,0,0,0,0,0,0,0,1,0,1,1,0,0,0,0,0,0,0,0,0,0,0,0,0,1,0,0,0,0,0,1,0,0,1,0,0,0,0,0,0,1,0,0,0,0,92920,6250,7262,1286,5834,18823,10498,643,11787,4393,234,621,26283,2440,5510,2672,5261,3042,2714,500,600,341,9609,2093,2919,3034,14561,207,33,474,3,772,1261,0,1,111,10443,1,649,1872,628,454,576,169,8,9,13,100,169,354,842,2316,2149,3160,257,8,12,0,71,0,98,137,7,548,4,86,787,1084,89,108,200,40,1092,1283,196,44,432,194,2,529,995,131,131,5,8,26,98,71,71,39,545,254,289,383,242,141,286,97,26,56,51,7784,119,103,235,76,24,82,55,101,136,6,21,29,610,399,4,176,7,9,9,3,4,2,1,15,41,301,2,318,1,6,71,155,63,261,237,71,52,107,54,49,14,24,20,14,25,17,19,23,14,5,8,19,15,1,1,3,2,8,3,4,1,2,4,5,4,14,8,31,2,6,18,11,3,1,3,3,1,2,4,1,5,1,3,0,0,0,0,0,0,0,0,0,0,0,0,0,0,0,0,0,0,0,0,0,0,0,0,0
0df8e91d4ee84180099a26d97cf5baf4.apk,0,1,1,0,0,0,0,0,0,0,0,0,0,0,0,0,1,0,1,0,0,0,0,0,0,1,0,1,0,0,0,0,0,0,0,0,0,0,0,0,1,0,0,0,1,0,1,0,0,0,1,0,1,0,0,0,1,0,0,0,1,0,0,0,1,0,1,0,0,0,1,0,1,0,0,0,0,0,0,13,85,99,151,78,1188,1938,20,1642,15,0,5,33,32,106,784,1295,22,24,114,677,746,53,74,30,66,222,12,0,12,13,19,20,0,7,0,77,2,10,1,4,1,14,1,0,0,0,0,1,5,5,37,11,8,7,0,0,0,1,0,5,12,0,10,0,8,56,17,4,30,18,3,6,5,2,17,8,31,0,4,10,1,1,1,0,0,0,0,0,0,0,0,0,0,1,5,4,0,0,0,4,6,0,0,0,2,12,1,0,0,0,0,0,0,0,0,0,0,0,1,0,0,0,0,0,0,0,0,0,0,0,1,0,0,0,0,0,0,0,0,0,0,0,0,0,0,0,0,0,0,0,0,1,6,0,0,0,1,0,0,0,0,7,3,0,0,0,0,0,0,0,0,0,0,0,0,0,0,0,1,0,0,0,0,0,0,0,0,0,0,0,0,0,0,0,0,0,0,0,0,0,0,0,0,0,0,0,0,0,0
0bccdcc7d63f0754e9e66c806e8e9203.apk,0,1,1,0,0,0,0,0,0,0,0,0,0,0,0,0,1,0,1,0,0,0,0,0,0,1,0,1,0,0,0,0,0,0,0,0,0,0,0,0,1,0,0,0,1,0,1,0,0,0,1,0,1,0,0,0,1,0,0,0,1,0,0,0,1,0,1,0,0,0,1,0,1,0,0,0,0,0,0,13,85,99,151,78,1188,1938,20,1642,15,0,5,33,32,106,784,1295,22,24,114,677,746,53,74,30,66,222,12,0,12,13,19,20,0,7,0,77,2,10,1,4,1,14,1,0,0,0,0,1,5,5,37,11,8,7,0,0,0,1,0,5,12,0,10,0,8,56,17,4,30,18,3,6,5,2,17,8,31,0,4,10,1,1,1,0,0,0,0,0,0,0,0,0,0,1,5,4,0,0,0,4,6,0,0,0,2,12,1,0,0,0,0,0,0,0,0,0,0,0,1,0,0,0,0,0,0,0,0,0,0,0,1,0,0,0,0,0,0,0,0,0,0,0,0,0,0,0,0,0,0,0,0,1,6,0,0,0,1,0,0,0,0,7,3,0,0,0,0,0,0,0,0,0,0,0,0,0,0,0,1,0,0,0,0,0,0,0,0,0,0,0,0,0,0,0,0,0,0,0,0,0,0,0,0,0,0,0,0,0,0
0639a74f508591f99a7d2309f5825fea.apk,0,1,1,0,0,0,0,0,0,0,0,0,0,0,0,0,1,0,1,0,0,0,0,0,0,1,0,1,0,0,0,0,0,0,0,0,0,0,0,0,1,0,0,0,1,0,1,0,0,0,1,0,1,0,0,0,1,0,0,0,1,0,0,0,1,0,1,0,0,0,1,0,1,0,0,0,0,0,0,12,72,81,329,76,1012,1895,22,2013,20,0,5,35,31,95,74,1379,19,34,106,917,941,71,72,31,62,175,12,0,12,13,18,20,0,7,0,75,2,9,0,13,3,12,1,0,0,0,2,1,950,6,33,11,9,7,0,0,0,1,0,5,10,0,5,0,7,62,17,4,22,15,3,7,5,2,15,7,29,0,5,17,1,1,1,0,0,0,0,0,0,0,0,0,0,1,4,4,0,0,0,4,9,0,0,0,2,14,1,0,0,0,0,0,0,0,0,0,0,0,1,0,0,0,0,0,0,0,2,0,2,0,1,0,0,0,0,0,0,0,0,0,0,0,0,0,0,0,0,0,0,0,0,1,5,0,0,0,1,0,0,0,0,7,3,0,0,0,0,0,0,0,0,0,0,0,0,0,0,0,1,0,0,0,0,0,0,0,0,0,0,0,0,0,0,0,0,0,0,0,0,0,0,0,0,0,0,0,0,0,0
1106d451a2330cb89f130543cfd26103.apk,0,0,0,0,0,0,0,0,0,0,0,0,0,0,1,0,0,0,0,0,0,1,0,1,1,1,0,1,0,0,0,1,0,0,1,0,0,0,0,1,1,0,0,0,1,0,1,0,0,0,1,0,0,0,0,0,0,0,0,0,1,0,0,0,1,0,0,1,0,1,0,0,0,1,0,0,0,1,0,278,435,435,245,275,1971,1984,31,2400,434,67,33,132,177,629,984,963,261,588,385,544,627,522,200,172,325,1261,53,20,44,132,190,443,20,42,5,364,26,307,6,3,8,33,28,28,0,6,15,28,33,26,100,233,131,29,0,0,0,24,4,12,22,17,3,7,11,67,83,11,165,44,3,61,40,27,1,11,133,6,120,98,6,6,6,19,0,15,1,1,0,7,0,8,76,87,1,10,21,21,79,58,223,0,13,32,4,23,8,0,0,0,1,0,0,31,116,11,10,0,19,9,0,32,3,0,1,2,28,0,3,0,9,0,0,0,0,0,0,2,9,0,9,1,0,0,16,0,0,15,2,13,10,10,4,4,2,1,2,24,5,1,1,0,0,0,0,0,0,0,15,0,0,0,0,5,0,0,0,0,1,0,2,11,6,0,4,3,0,0,4,3,2,10,0,8,68,1,24,0,1,6,0,0,0,0,0,0,0,0,5
0277658e68a30104fec943150f74b0e5.apk,0,1,0,0,0,0,0,0,0,0,0,0,1,1,0,0,0,0,0,0,1,0,0,0,0,1,1,1,0,0,0,0,0,0,0,0,0,0,0,0,1,0,0,0,1,0,1,0,0,0,1,0,1,0,0,0,1,0,0,0,1,0,0,0,0,0,0,1,0,0,0,0,0,0,0,0,0,0,0,152,839,656,223,974,3558,1699,134,1123,702,21,82,684,385,847,171,805,539,748,61,119,49,182,295,276,389,1850,33,8,63,2,191,329,0,2,10,1336,2,94,73,8,23,82,60,3,1,0,43,60,23,99,240,255,313,26,0,0,0,4,0,15,18,4,0,0,2,117,43,13,21,14,8,229,278,36,5,81,38,4,68,162,22,22,0,3,7,27,12,12,2,132,51,22,32,46,63,65,23,6,33,9,48,2,10,24,22,5,7,11,22,21,0,0,0,47,20,0,21,0,3,0,0,0,0,0,0,2,67,0,0,0,0,8,56,5,77,51,13,24,10,4,2,2,4,1,1,0,0,3,2,2,0,0,0,0,0,0,0,0,0,0,2,2,1,0,0,0,0,0,0,0,0,0,0,0,0,0,0,0,0,0,0,0,0,0,0,0,0,0,0,0,0,0,0,0,0,0,0,0,0,0,0,0,0,0,0,0,0,0,0
1ef20d8e75b9706d1597d58022a1e7c3.apk,0,1,0,0,0,0,0,0,0,0,0,0,1,1,0,0,0,0,0,0,1,0,0,0,0,1,1,1,0,0,0,0,0,0,0,0,0,0,0,0,1,0,0,0,1,0,1,0,0,0,1,0,1,0,0,0,1,0,0,0,1,0,0,0,0,0,0,1,0,0,0,0,0,0,0,0,0,0,0,244,1609,833,566,1020,3846,3215,208,1298,423,12,90,275,523,954,481,1391,1157,1729,238,203,152,134,374,786,682,1659,183,17,23,41,131,245,0,31,2,1505,35,348,37,3,17,81,74,13,9,5,31,74,22,34,1449,174,310,54,0,0,0,25,4,41,62,21,10,0,37,65,2,13,50,57,1,95,112,50,0,63,59,4,182,141,11,11,3,1,3,10,1,1,0,0,0,82,18,57,0,45,26,9,17,36,11,5,46,97,11,0,20,0,0,0,0,0,0,26,25,0,41,0,9,0,0,12,0,0,0,1,8,0,1,0,3,0,0,0,0,0,0,0,0,0,4,0,0,0,0,0,0,4,0,0,0,0,5,1,0,0,0,3,0,0,1,2,1,0,0,0,0,0,2,0,0,0,0,1,0,0,0,0,0,0,2,0,0,0,0,0,0,0,0,1,0,0,0,0,0,0,0,0,0,0,0,0,0,0,0,0,0,0,0
6349462efbe6ccf4290d4c19dd740cd7.apk,0,0,0,0,0,0,0,0,0,0,0,0,0,0,0,0,0,0,0,0,0,0,0,0,0,0,0,0,0,0,0,0,0,0,0,0,0,0,0,0,0,0,0,0,0,0,0,0,0,0,0,0,0,0,0,0,0,0,1,0,0,0,0,0,0,0,0,0,0,0,0,0,0,0,0,0,0,0,0,162,1724,1835,447,1297,5209,2416,180,1923,1104,41,124,868,609,1320,278,1305,923,990,118,110,98,203,512,781,722,3246,78,14,135,1,229,423,0,1,20,2151,0,218,79,26,16,136,8,5,1,9,43,8,68,207,564,509,894,42,0,0,0,10,0,22,31,7,6,4,23,129,98,22,22,38,11,397,448,57,7,126,57,1,106,215,46,46,1,4,15,38,21,21,8,210,113,50,52,58,77,97,33,6,39,16,74,8,40,91,44,12,12,27,40,30,2,11,19,92,47,4,45,1,3,10,2,2,2,1,1,7,87,1,4,1,3,13,75,6,119,94,29,41,14,5,2,2,4,1,3,2,6,3,4,3,0,2,2,0,0,0,0,1,0,0,0,0,0,0,0,0,0,1,0,0,0,0,0,0,0,0,0,0,0,0,0,0,0,1,0,0,0,0,0,0,0,0,0,0,0,0,0,0,0,0,0,0,0,0,0,0,0,0,0
d3ff6a5e9f69bedd67c09e31ed94a1bd.apk,0,1,1,0,0,0,0,1,1,0,1,0,1,0,0,0,1,0,1,0,0,1,0,0,0,1,0,1,0,0,0,0,0,0,0,0,1,0,0,0,1,0,0,1,1,0,1,0,0,0,1,1,1,1,0,1,1,0,0,0,1,0,0,0,1,0,0,1,0,1,1,0,0,1,0,0,0,0,0,100,1520,1353,309,985,4655,2899,103,1487,684,25,124,161,423,748,312,829,886,1645,132,78,99,1339,431,572,533,2378,56,10,90,0,151,299,0,0,17,1253,0,139,321,74,47,104,3,0,2,9,20,3,87,109,415,313,506,29,0,0,0,8,0,7,12,3,3,4,11,120,52,17,28,18,4,301,322,38,5,65,74,2,30,104,25,25,3,5,12,15,11,11,1,94,31,18,20,23,76,62,14,2,4,13,433,17,27,61,15,3,7,17,3,12,0,0,0,26,60,5,23,3,0,1,1,1,1,1,1,1,66,1,6,1,3,18,37,21,47,31,8,23,3,2,1,1,2,6,11,0,0,2,6,0,0,1,1,3,0,0,3,0,0,0,0,0,0,0,0,0,0,0,0,0,0,0,0,0,0,0,0,0,0,0,0,0,0,0,0,0,0,0,0,0,0,0,0,0,0,0,0,0,0,0,0,0,0,0,0,0,0,0,0
073a2f2d51c7dc00eb21e27cb8fa80f3.apk,0,1,1,0,0,0,0,0,0,0,0,0,0,0,0,0,1,0,1,0,0,0,0,0,0,1,0,1,0,0,0,0,0,0,0,0,0,0,0,0,1,0,0,0,1,0,1,0,0,0,1,0,1,0,0,0,1,0,0,0,1,0,0,0,1,0,1,0,0,0,1,0,1,0,0,0,0,0,0,12,75,84,338,77,1028,1912,22,2056,20,0,5,35,32,97,75,1394,21,34,111,924,948,71,73,31,63,176,12,0,12,13,19,20,0,7,0,76,2,9,0,13,3,12,1,0,0,0,2,1,955,6,33,11,9,7,0,0,0,1,0,5,12,0,10,0,8,65,18,4,23,19,3,7,5,2,17,8,29,0,5,17,1,1,1,0,0,0,0,0,0,0,0,0,0,1,5,4,0,0,0,4,9,0,0,0,2,14,1,0,0,0,0,0,0,0,0,0,0,0,1,0,0,0,0,0,0,0,2,0,2,0,1,0,0,0,0,0,0,0,0,0,0,0,0,0,0,0,0,0,0,0,0,1,6,0,0,0,1,0,0,0,0,7,3,0,0,0,0,0,0,0,0,0,0,0,0,0,0,0,1,0,0,0,0,0,0,0,0,0,0,0,0,0,0,0,0,0,0,0,0,0,0,0,0,0,0,0,0,0,0
0d2fea2cb40b41e9d568f4ac986ea139.apk,1,1,1,0,1,0,1,0,0,0,0,1,1,0,1,0,1,0,1,0,0,0,0,0,1,1,0,1,0,0,0,0,1,1,0,0,0,1,0,0,1,1,0,0,1,1,1,0,0,0,1,0,1,0,0,0,0,0,0,0,1,0,0,1,1,0,0,1,0,1,0,0,0,1,0,0,0,0,0,17,386,230,49,52,1172,1039,2,384,31,0,12,6,52,111,200,146,319,718,135,137,135,774,164,22,112,178,1,0,5,0,4,7,0,0,0,153,0,1,165,48,42,16,0,0,0,0,0,0,128,4,61,25,20,8,0,0,0,3,0,0,0,1,0,0,0,53,0,4,51,7,2,5,2,7,0,5,1,0,2,12,0,0,4,0,0,0,0,0,0,4,0,6,0,5,0,0,0,0,0,0,220,10,0,0,0,0,0,1,2,0,0,0,0,0,0,0,0,0,0,0,0,0,0,0,0,0,0,0,6,0,0,0,0,0,2,0,0,0,0,0,0,0,0,2,0,0,0,0,0,0,0,0,0,3,0,0,0,0,0,0,0,0,0,1,0,0,0,0,0,0,0,0,0,0,0,0,0,0,0,0,0,0,0,0,0,0,0,0,0,0,0,0,1,0,0,0,0,0,0,0,0,0,0,0,0,0,0,0,0
0e20e797d2bba903ff61bf2e78b8e298.apk,0,0,1,0,0,0,0,0,0,0,0,0,0,0,0,0,0,0,1,0,0,1,0,0,0,1,0,0,1,0,0,0,0,0,0,0,0,0,0,0,0,0,0,0,0,0,0,0,0,0,1,0,0,0,0,0,0,0,0,0,1,0,0,0,1,0,0,0,0,0,0,0,0,0,0,0,0,0,0,401,42,39,2,6,81,72,0,35,9,1,1,17,2,13,17,26,22,25,7,2,1,9,17,11,31,83,0,2,0,0,1,0,1,0,0,8,0,4,1,0,0,4,0,0,0,0,0,0,10,7,7,25,2,2,4,2,0,2,0,0,0,0,0,2,0,0,1,0,1,2,0,0,0,0,4,0,0,0,2,0,1,1,0,0,0,0,0,0,0,0,0,0,0,0,2,0,0,0,0,0,0,0,1,2,0,0,0,0,0,0,0,0,0,3,0,0,0,0,0,0,0,0,0,0,2,0,0,0,0,0,0,0,0,0,4,0,0,0,0,0,0,2,0,0,0,0,0,0,0,0,0,0,0,0,0,0,0,0,0,0,0,0,0,0,0,0,0,0,0,0,0,0,0,0,0,0,0,0,0,0,0,0,0,0,0,0,0,0,0,0,0,0,0,0,0,0,0,0,0,0,0,0,0,0,0,0,0,0,0
14013bbb99636e4d17099401aae616ba.apk,0,1,0,0,0,0,0,0,0,0,0,0,1,1,0,0,0,0,0,0,1,0,0,0,0,1,1,1,0,0,0,0,0,0,0,0,0,0,0,0,1,0,0,0,1,0,1,0,0,0,1,0,1,0,0,0,1,0,0,0,1,0,0,0,0,0,0,1,0,0,0,0,0,0,0,0,0,0,0,244,1609,833,566,1020,3846,3209,202,1297,423,12,90,275,523,954,478,1385,1157,1729,238,197,152,134,374,786,682,1659,183,17,23,41,131,245,0,31,2,1505,35,348,37,3,17,81,68,13,9,5,28,68,22,34,1449,174,310,54,0,0,0,25,4,41,62,21,10,0,37,65,2,13,50,57,1,95,112,50,0,63,59,4,182,141,11,11,3,1,3,10,1,1,0,0,0,82,18,57,0,45,26,9,17,36,11,5,46,97,11,0,20,0,0,0,0,0,0,26,25,0,41,0,9,0,0,12,0,0,0,1,8,0,1,0,3,0,0,0,0,0,0,0,0,0,4,0,0,0,0,0,0,4,0,0,0,0,5,1,0,0,0,3,0,0,1,2,1,0,0,0,0,0,2,0,0,0,0,1,0,0,0,0,0,0,2,0,0,0,0,0,0,0,0,1,0,0,0,0,0,0,0,0,0,0,0,0,0,0,0,0,0,0,0
5cfeb9dabe032761ac0b5e671cc5ebab.apk,0,0,0,0,0,0,0,0,0,1,0,0,0,0,0,0,0,0,0,0,0,0,0,0,0,0,0,1,0,0,0,0,0,0,0,0,0,0,0,0,1,1,0,0,1,0,1,0,0,0,1,0,1,0,0,0,1,0,0,0,0,0,0,0,1,0,0,1,0,0,1,0,0,0,0,1,1,0,0,339,1861,1835,268,2312,6978,3236,162,2783,1528,107,218,1518,928,1803,328,1457,944,986,110,157,85,477,654,794,919,4597,38,10,127,0,277,438,0,0,46,3007,1,171,148,24,46,242,30,3,5,0,35,30,105,192,709,681,839,33,0,0,0,15,0,35,33,2,9,0,18,222,320,19,34,38,13,454,525,57,12,151,49,1,353,340,31,31,1,8,8,43,23,23,9,185,75,76,137,101,71,118,54,11,38,15,258,9,15,36,31,7,10,21,30,27,3,10,10,148,64,0,47,5,4,4,0,1,0,0,1,2,169,0,10,0,0,10,65,7,106,78,19,28,31,5,2,3,4,5,3,9,4,9,7,5,0,0,0,1,0,0,0,1,0,1,0,0,0,3,0,0,0,0,3,0,1,0,0,1,0,0,0,0,2,1,0,0,0,0,0,0,0,0,0,0,0,0,0,0,0,0,0,0,0,0,0,0,0,0,0,0,0,0,0
102b4f0f42a267ad9354ea104e787241.apk,0,1,0,0,0,0,0,0,0,0,0,0,1,1,0,0,0,0,0,0,0,0,0,0,0,0,0,1,0,0,0,0,0,0,0,0,0,0,0,0,1,0,0,0,1,0,0,0,0,0,1,0,1,0,0,0,1,0,0,0,0,0,0,0,1,0,0,1,0,0,0,0,0,0,0,0,0,0,0,540,3200,3688,1013,2299,9143,4876,363,3882,1604,72,183,697,974,2444,804,3011,1735,1921,416,210,221,1381,1149,1706,1260,5449,157,16,293,1,353,594,0,2,41,3733,2,436,285,121,93,181,12,5,16,24,56,12,93,364,1311,757,1684,155,3,8,0,12,4,55,87,11,16,4,54,268,259,57,59,106,20,492,557,90,27,187,200,4,85,323,92,92,4,7,17,50,29,29,11,287,152,128,78,106,107,123,27,14,46,35,917,41,70,160,60,20,64,69,34,37,2,11,19,102,134,4,71,2,19,15,3,3,2,1,5,7,199,2,15,1,19,56,68,50,167,122,40,69,22,19,27,11,13,3,16,9,10,16,11,3,5,5,1,4,0,0,15,0,0,0,0,5,7,0,1,2,8,7,20,2,1,0,2,0,0,3,2,0,0,0,0,0,0,0,0,0,0,0,0,0,0,0,0,0,0,0,0,0,0,0,0,0,0,0,2,0,0,0,0
00da61a6c82ee1b6321898c40dda0205.apk,0,1,0,0,0,0,0,0,0,0,0,0,1,1,0,0,0,0,0,0,1,0,0,0,0,1,1,1,0,0,0,0,0,0,0,0,0,0,0,0,1,0,0,0,1,0,1,0,0,0,1,0,1,0,0,0,1,0,0,0,1,0,0,0,0,0,0,1,0,0,0,0,0,0,0,0,0,0,0,152,839,656,223,974,3558,1699,134,1123,702,21,82,684,385,847,171,805,539,748,61,119,49,182,295,276,389,1850,33,8,63,2,191,329,0,2,10,1336,2,94,73,8,23,82,60,3,1,0,43,60,23,99,240,255,313,26,0,0,0,4,0,15,18,4,0,0,2,117,43,13,21,14,8,229,278,36,5,81,38,4,68,162,22,22,0,3,7,27,12,12,2,132,51,22,32,46,63,65,23,6,33,9,48,2,10,24,22,5,7,11,22,21,0,0,0,47,20,0,21,0,3,0,0,0,0,0,0,2,67,0,0,0,0,8,56,5,77,51,13,24,10,4,2,2,4,1,1,0,0,3,2,2,0,0,0,0,0,0,0,0,0,0,2,2,1,0,0,0,0,0,0,0,0,0,0,0,0,0,0,0,0,0,0,0,0,0,0,0,0,0,0,0,0,0,0,0,0,0,0,0,0,0,0,0,0,0,0,0,0,0,0
0b31b97d9ce3b891c7d5b145693e63fe.apk,0,1,1,0,0,0,0,0,0,0,0,0,0,0,0,0,1,0,1,0,0,0,0,0,0,1,0,1,0,0,0,0,0,0,0,0,0,0,0,0,1,0,0,0,1,0,1,0,0,0,1,0,1,0,0,0,1,0,0,0,1,0,0,0,1,0,1,0,0,0,1,0,1,0,0,0,0,0,0,13,85,99,151,78,1188,1938,20,1642,15,0,5,33,32,106,784,1295,22,24,114,677,746,53,74,30,66,222,12,0,12,13,19,20,0,7,0,77,2,10,1,4,1,14,1,0,0,0,0,1,5,5,37,11,8,7,0,0,0,1,0,5,12,0,10,0,8,56,17,4,30,18,3,6,5,2,17,8,31,0,4,10,1,1,1,0,0,0,0,0,0,0,0,0,0,1,5,4,0,0,0,4,6,0,0,0,2,12,1,0,0,0,0,0,0,0,0,0,0,0,1,0,0,0,0,0,0,0,0,0,0,0,1,0,0,0,0,0,0,0,0,0,0,0,0,0,0,0,0,0,0,0,0,1,6,0,0,0,1,0,0,0,0,7,3,0,0,0,0,0,0,0,0,0,0,0,0,0,0,0,1,0,0,0,0,0,0,0,0,0,0,0,0,0,0,0,0,0,0,0,0,0,0,0,0,0,0,0,0,0,0
